Time,Axe1X,Axe1Y,Axe1Z,Axe2X,Axe2Y,Axe2Z,Acquisition Number
1,-196,-3877,-964,3641,421,-1542,1
2,925,-4433,-392,3866,412,-952,1
3,346,-4324,-165,3733,519,-1290,1
4,-200,-3315,-2497,3507,524,-1468,1
5,617,-4483,-919,4062,360,-1720,1
6,171,-4148,-1384,4026,417,-1363,1
7,397,-4100,-278,3991,505,-1175,1
8,269,-3731,-979,3755,382,-1214,1
9,525,-4020,-1237,3885,515,-1397,1
10,-113,-3444,-2152,3749,267,-1611,1
11,46,-4258,-611,4070,264,-1252,1
12,654,-4467,-388,3976,653,-1342,1
13,333,-3973,-1011,3817,507,-1550,1
14,589,-3479,-2486,3680,553,-1421,1
15,-3,-4294,169,3979,443,-1121,1
16,430,-4386,136,4038,530,-1147,1
17,-19,-3777,-1556,3952,435,-1533,1
18,411,-3763,-2054,3872,422,-1530,1
19,-180,-3972,-903,3858,404,-1593,1
20,267,-3985,-1208,3896,477,-1374,1
21,442,-3990,-642,3754,415,-1420,1
22,412,-4211,-1042,3968,516,-1386,1
23,-49,-3909,-920,3880,466,-1438,1
24,-547,-3590,-1749,3789,379,-1457,1
25,349,-4050,-983,3821,446,-1439,1
26,363,-4034,-887,3836,548,-1298,1
27,-200,-3957,-1076,3933,419,-1311,1
28,620,-3971,-1092,3843,573,-1344,1
29,429,-4100,-950,3905,572,-1301,1
30,108,-4006,-1219,3965,401,-1444,1
31,111,-3845,-1106,3868,321,-1404,1
32,940,-4166,-1266,3981,622,-1290,1
33,297,-4001,-888,3837,394,-1378,1
34,-196,-3862,-1058,3857,355,-1647,1
35,716,-3941,-1863,3989,593,-1438,1
36,906,-4386,-162,3992,646,-1193,1
37,-566,-3960,-561,3821,324,-1353,1
38,123,-3672,-1877,3727,439,-1606,1
39,-88,-4067,-904,3853,380,-1482,1
40,521,-4209,-661,4008,552,-1208,1
41,59,-3829,-757,3858,455,-1264,1
42,362,-3906,-1173,3857,561,-1378,1
43,-6,-3891,-881,3800,462,-1528,1
44,187,-3847,-1620,3882,379,-1380,1
45,254,-4215,-833,3947,438,-1384,1
46,217,-4038,-836,3878,437,-1512,1
47,521,-3878,-1400,3830,520,-1499,1
48,89,-3841,-1383,3823,365,-1460,1
49,13,-4049,-673,3990,425,-1240,1
50,-451,-3992,-568,3992,281,-1282,1
51,-5,-3649,-1928,3866,434,-1347,1
52,553,-3906,-1078,3819,497,-1390,1
53,776,-3975,-993,3943,611,-1235,1
54,-278,-4023,-631,3971,432,-1225,1
55,490,-3924,-1329,3837,515,-1316,1
56,73,-4211,-705,3963,389,-1291,1
57,444,-3890,-1528,3894,550,-1372,1
58,31,-3938,-786,3886,421,-1518,1
59,328,-3781,-1640,3879,487,-1384,1
60,363,-4291,-322,3985,555,-1291,1
61,121,-4024,-1010,3866,437,-1502,1
62,172,-3907,-1702,3882,419,-1483,1
63,-163,-3926,-1060,3910,381,-1293,1
64,680,-4328,-146,3827,331,-1364,1
65,507,-3938,-1030,3939,467,-1148,1
66,271,-3894,-1189,3879,453,-1367,1
67,45,-3937,-776,3757,436,-1347,1
68,13,-3825,-1285,3860,379,-1345,1
69,220,-4065,-948,3938,459,-1323,1
70,411,-4018,-897,3887,542,-1237,1
71,634,-4056,-1224,3858,567,-1554,1
72,383,-3715,-1637,3873,507,-1476,1
73,127,-4161,-835,3992,513,-1522,1
74,13,-4056,-806,3985,425,-1337,1
75,217,-3927,-1427,3888,429,-1365,1
76,492,-3874,-1330,3797,469,-1529,1
77,365,-3784,-1349,3910,437,-1304,1
78,238,-4216,-212,3965,493,-1144,1
79,-309,-4083,-661,3965,374,-1248,1
80,-246,-3861,-1409,3829,413,-1430,1
81,552,-3860,-1364,3818,569,-1401,1
82,43,-3926,-968,3863,494,-1240,1
83,108,-4072,-786,3942,485,-1393,1
84,-136,-3651,-1736,3867,456,-1600,1
85,399,-3960,-1510,3874,367,-1638,1
86,569,-3960,-1155,3854,479,-1198,1
87,396,-4180,-344,3885,490,-1396,1
88,-38,-3939,-1169,3781,375,-1512,1
89,-8,-3685,-1810,3802,396,-1600,1
90,185,-4197,-833,3928,422,-1385,1
91,76,-4306,-68,4082,380,-1157,1
92,539,-3989,-930,3843,614,-1319,1
93,169,-3704,-1541,3727,516,-1319,1
94,249,-3879,-1446,3844,448,-1472,1
95,63,-4136,-996,4002,573,-1435,1
96,-294,-4021,-1064,4024,497,-1279,1
97,143,-3877,-1270,3914,545,-1546,1
98,152,-3714,-1480,3755,516,-1364,1
99,269,-4194,-577,3896,467,-1328,1
100,-276,-3958,-692,3885,471,-1220,1
101,282,-3873,-1304,3851,360,-1541,1
102,303,-3954,-1399,3954,383,-1470,1
103,174,-3846,-1269,3887,414,-1385,1
104,521,-4167,-662,3887,510,-1239,1
105,-86,-3845,-660,3870,372,-1248,1
106,107,-3825,-1170,3823,441,-1560,1
107,27,-3811,-1539,3891,352,-1401,1
108,123,-4306,-643,4032,363,-1318,1
109,204,-4178,-486,3939,461,-1296,1
110,127,-3634,-1591,3744,571,-1451,1
111,158,-3890,-1203,3816,494,-1408,1
112,141,-4033,-792,3991,473,-1319,1
113,11,-4134,-1015,4032,456,-1355,1
114,445,-3973,-1576,3982,371,-1446,1
115,719,-4022,-1026,3872,516,-1351,1
116,-161,-3921,-696,3856,493,-1057,1
117,-898,-3912,-337,3928,454,-1170,1
118,399,-3847,-1171,3951,472,-1351,1
119,-72,-4007,-1048,3922,420,-1300,1
120,732,-4036,-1446,3886,538,-1294,1
121,300,-3990,-1346,3915,433,-1385,1
122,298,-3954,-1028,3886,384,-1462,1
123,201,-3971,-982,3862,508,-1254,1
124,142,-4102,-994,3833,491,-1456,1
125,157,-3795,-1571,3846,357,-1453,1
126,-38,-3858,-1222,3920,294,-1456,1
127,558,-4020,-1282,3939,521,-1046,1
128,346,-4228,137,3986,422,-1184,1
129,-741,-3528,-1860,3772,349,-1391,1
130,141,-3752,-1682,3886,510,-1519,1
131,-49,-4018,-839,3908,419,-1271,1
132,313,-4232,-835,4040,500,-1282,1
133,315,-3895,-1575,3771,499,-1501,1
134,510,-3970,-1268,3788,472,-1472,1
135,863,-4182,-1000,3974,565,-1428,1
136,-241,-3848,-1249,3890,436,-1272,1
137,174,-4114,-1096,3931,470,-1557,1
138,120,-3879,-1685,3880,351,-1474,1
139,781,-4098,-1188,4004,637,-1310,1
140,347,-4004,-664,3897,549,-1178,1
141,10,-3986,-776,3871,321,-1491,1
142,717,-3811,-1591,3805,493,-1398,1
143,489,-4162,-914,3981,369,-1294,1
144,-296,-4120,-312,3918,362,-1363,1
145,440,-3880,-1496,3856,485,-1434,1
146,139,-3701,-1510,3813,544,-1488,1
147,-100,-3906,-712,3839,333,-1476,1
148,-51,-4008,-791,3858,369,-1460,1
149,219,-3841,-1635,3889,424,-1494,1
150,251,-4104,-705,4044,510,-1390,1
151,936,-3955,-1446,3964,527,-1249,1
152,217,-4097,-310,3814,555,-1313,1
153,-1267,-3506,-1444,3762,276,-1318,1
154,11,-3909,-978,3920,429,-1373,1
155,57,-3958,-934,3874,510,-1313,1
156,264,-4082,-996,3902,459,-1429,1
157,207,-3891,-1446,3916,506,-1405,1
158,-100,-3941,-1204,3893,403,-1480,1
159,269,-4083,-1125,4056,462,-1293,1
160,-66,-3958,-839,3832,428,-1344,1
161,543,-4023,-1315,3840,581,-1538,1
162,652,-3793,-1559,3745,363,-1587,1
163,1241,-4130,-1394,4032,596,-1272,1
164,541,-4229,-71,3881,482,-1281,1
165,-56,-3846,-1446,3862,320,-1178,1
166,187,-3797,-1284,3749,326,-1509,1
167,156,-3970,-1012,3906,326,-1340,1
168,-199,-4232,-88,3990,392,-1189,1
169,-2,-3656,-1558,3768,338,-1358,1
170,153,-4020,-1219,3884,444,-1458,1
171,187,-3814,-1409,3866,379,-1408,1
172,205,-4130,-834,3994,549,-1377,1
173,319,-3813,-1362,3868,445,-1385,1
174,605,-4146,-705,3964,517,-1370,1
175,1193,-4082,-773,3989,579,-1102,1
176,-803,-3859,-1122,3824,430,-1293,1
177,-724,-3494,-1666,3803,390,-1314,1
178,-100,-4018,-883,3990,527,-1222,1
179,-72,-4102,-562,4006,467,-1180,1
180,239,-3937,-1062,3877,462,-1424,1
181,124,-3971,-1269,3877,387,-1475,1
182,670,-4084,-1188,3946,510,-1437,1
183,-97,-4022,-792,3868,451,-1386,1
184,-178,-3666,-1730,3775,391,-1472,1
185,331,-3955,-1090,3845,475,-1593,1
186,648,-4033,-1092,3964,569,-1237,1
187,1466,-4290,-387,3837,446,-1277,1
188,-1506,-3542,-1587,3774,466,-1342,1
189,-374,-3750,-1522,3832,338,-1496,1
190,-199,-3924,-837,3966,506,-1228,1
191,-34,-4017,-759,3961,519,-1199,1
192,109,-3621,-1475,3752,463,-1424,1
193,-82,-3923,-1368,3848,363,-1514,1
194,350,-4104,-945,3912,425,-1424,1
195,42,-4198,-1027,4009,640,-1366,1
196,140,-3842,-1205,3838,491,-1504,1
197,911,-3941,-1444,3882,519,-1590,1
198,1070,-4023,-1480,4018,719,-1231,1
199,88,-4198,-565,4014,467,-1248,1
200,-85,-3858,-1077,3841,314,-1388,1
201,-342,-3668,-1750,3923,470,-1451,1
202,-162,-3943,-789,3907,366,-1328,1
203,143,-3992,-801,3889,395,-1366,1
204,461,-3890,-1073,3750,465,-1454,1
205,264,-3843,-1608,3875,336,-1389,1
206,-54,-4102,-421,3899,343,-1550,1
207,157,-3699,-1829,3832,423,-1565,1
208,318,-3890,-1426,3870,376,-1514,1
209,767,-4211,-227,3917,609,-1259,1
210,541,-4036,-262,3755,441,-1402,1
211,-434,-3541,-2152,3793,321,-1488,1
212,364,-4099,-802,3931,514,-1247,1
213,-8,-4152,-422,4075,549,-1100,1
214,91,-3921,-1061,3866,446,-1335,1
215,-181,-3667,-1652,3763,289,-1514,1
216,414,-4278,-706,4011,531,-1253,1
217,93,-4116,-417,4061,460,-1098,1
218,367,-3667,-2003,3811,385,-1642,1
219,511,-3652,-1718,3884,643,-1364,1
220,1816,-4307,-482,3972,537,-1219,1
221,1658,-4354,-374,3930,512,-1264,1
222,-2882,-3667,-1557,3821,379,-1643,1
223,174,-3701,-2150,3894,534,-1423,1
224,58,-4245,201,3898,412,-1244,1
225,-146,-4117,-40,3914,245,-1173,1
226,381,-3650,-1688,3747,486,-1463,1
227,652,-3843,-1572,3925,453,-1284,1
228,-135,-4226,-454,3964,367,-1342,1
229,472,-3937,-1314,3906,349,-1424,1
230,703,-4088,-1272,3952,529,-1454,1
231,876,-4023,-1107,3781,404,-1431,1
232,573,-4226,-664,3876,696,-1181,1
233,-260,-3686,-1286,3836,414,-1378,1
234,122,-4036,-1160,3922,471,-1426,1
235,495,-4130,-820,3976,489,-1232,1
236,300,-4104,-1048,3853,427,-1410,1
237,-167,-3729,-1329,3868,445,-1515,1
238,494,-3940,-1281,3944,630,-1242,1
239,155,-4279,-279,3931,449,-1351,1
240,139,-3957,-1185,3915,334,-1450,1
241,409,-3735,-1973,3851,451,-1621,1
242,1261,-4198,-611,3920,528,-1191,1
243,1224,-4388,413,3925,508,-1114,1
244,-2248,-3397,-1672,3813,516,-1509,1
245,-344,-3554,-1986,3798,414,-1386,1
246,-37,-4039,-773,3974,315,-1374,1
247,31,-4084,-498,3966,446,-1267,1
248,-177,-3686,-1831,3864,369,-1353,1
249,-99,-3796,-1029,3791,435,-1328,1
250,-36,-3874,-836,3893,493,-1218,1
251,44,-3816,-1282,3922,523,-1388,1
252,623,-3809,-1697,3914,415,-1564,1
253,1739,-4305,-834,3953,579,-1238,1
254,-1032,-3991,-694,4024,666,-1044,1
255,-1383,-3720,-916,3807,339,-1311,1
256,410,-3637,-2216,3803,529,-1410,1
257,285,-4311,-229,4017,533,-1272,1
258,-116,-4210,-642,4044,405,-1272,1
259,77,-3763,-1319,3749,503,-1512,1
260,379,-3890,-1396,3798,449,-1416,1
261,-84,-4161,-323,3937,437,-1125,1
262,798,-3906,-1361,3892,519,-1440,1
263,1003,-4051,-1510,3971,516,-1359,1
264,1165,-4198,-1282,3886,432,-1368,1
265,-1574,-3624,-769,3781,365,-1242,1
266,-168,-3698,-1512,3703,391,-1535,1
267,268,-3889,-801,3830,408,-1390,1
268,443,-4214,-936,3933,323,-1403,1
269,-52,-3891,-1298,3907,201,-1331,1
270,189,-3907,-1570,3881,534,-1340,1
271,95,-3959,-868,3834,523,-1330,1
272,301,-3953,-1016,3826,463,-1368,1
273,-168,-3863,-629,3935,319,-1484,1
274,1420,-4100,-1588,4021,449,-1403,1
275,-584,-4312,-339,4053,627,-1138,1
276,-801,-3687,-1329,3781,347,-1394,1
277,331,-3830,-1685,3816,580,-1411,1
278,107,-3782,-1672,3888,514,-1317,1
279,-451,-4244,-209,4115,457,-1266,1
280,88,-3858,-1250,3846,498,-1266,1
281,-165,-3908,-935,3874,454,-1413,1
282,-423,-3460,-1539,3758,436,-1321,1
283,-50,-3989,-994,3951,422,-1438,1
284,1181,-3987,-1075,3976,496,-1118,1
285,-86,-4248,-646,4024,441,-1229,1
286,495,-3811,-1266,3801,494,-1447,1
287,-370,-3780,-1619,3836,384,-1590,1
288,95,-3826,-1265,3931,348,-1270,1
289,316,-4120,-353,3954,389,-1291,1
290,13,-3892,-1188,3824,368,-1369,1
291,143,-3908,-1560,3886,420,-1564,1
292,-273,-3846,-918,3809,424,-1532,1
293,397,-4040,-886,3846,409,-1333,1
294,335,-3909,-1126,3931,350,-1355,1
295,1359,-4196,-852,4004,678,-1156,1
296,729,-4118,-642,3976,597,-1227,1
297,-594,-3687,-1558,3905,422,-1512,1
298,-8,-3954,-1160,3972,577,-1382,1
299,249,-3973,-950,3874,423,-1405,1
300,-2,-3924,-1270,3958,380,-1294,1
301,191,-3941,-1158,3853,498,-1506,1
302,410,-4115,-818,3900,615,-1460,1
303,13,-3747,-1638,3815,411,-1409,1
304,281,-3858,-1138,3811,310,-1649,1
305,1211,-4082,-918,4014,510,-1155,1
306,360,-4322,-392,4034,537,-1043,1
307,-869,-3704,-1336,3761,354,-1442,1
308,-178,-3587,-1974,3769,483,-1530,1
309,-2,-3958,-1123,3900,365,-1435,1
310,223,-4069,-696,3933,419,-1388,1
311,137,-3986,-945,3829,493,-1574,1
312,317,-3761,-1796,3813,433,-1535,1
313,-341,-3811,-1095,3894,319,-1409,1
314,607,-4024,-996,3842,484,-1520,1
315,745,-4148,-882,4054,424,-1368,1
316,-274,-4002,-1108,4036,553,-1160,1
317,397,-3987,-643,3946,661,-1212,1
318,142,-3826,-1347,3781,395,-1431,1
319,237,-4052,-1042,3960,423,-1357,1
320,155,-4065,-902,3942,416,-1306,1
321,46,-4324,-486,4059,444,-1291,1
322,473,-3685,-1698,3839,579,-1346,1
323,312,-3842,-1442,3723,482,-1384,1
324,333,-3858,-1333,3720,366,-1491,1
325,542,-4194,-1543,4047,549,-1535,1
326,1101,-4069,-1367,3984,547,-1222,1
327,-1253,-4180,-146,3899,483,-1230,1
328,62,-3525,-1668,3631,528,-1335,1
329,427,-3714,-2051,3856,530,-1389,1
330,-148,-4247,-135,4002,285,-1407,1
331,253,-3939,-1333,3902,390,-1331,1
332,-146,-3698,-1779,3937,313,-1439,1
333,431,-4035,-854,3726,436,-1413,1
334,925,-3987,-1286,3870,559,-1521,1
335,1099,-3795,-1847,3795,502,-1396,1
336,1258,-4533,-261,4167,602,-1223,1
337,-1107,-3926,-615,3937,488,-1286,1
338,-181,-3764,-1538,3781,519,-1641,1
339,-328,-3458,-1748,3789,479,-1457,1
340,347,-4296,-401,4076,359,-1119,1
341,111,-4002,-678,3979,342,-1218,1
342,-456,-3810,-1080,3753,389,-1488,1
343,223,-4004,-1176,3855,547,-1301,1
344,345,-3986,-1093,3942,410,-1256,1
345,1005,-4018,-786,4016,366,-1448,1
346,2287,-4150,-1349,3920,510,-1363,1
347,-166,-3944,-1554,4020,622,-1147,1
348,-852,-3810,-434,3717,489,-1382,1
349,-100,-3575,-1894,3645,429,-1569,1
350,-84,-3831,-1620,4056,417,-1351,1
351,-182,-4177,-581,3993,405,-1250,1
352,382,-4068,-1010,3944,557,-1394,1
353,488,-3667,-2162,3686,262,-1331,1
354,541,-4101,-711,3880,297,-1588,1
355,1629,-4132,-1029,3874,558,-1420,1
356,686,-4184,-1175,4151,550,-1102,1
357,-1026,-3960,-452,3874,504,-1232,1
358,-33,-3907,-1207,3820,606,-1526,1
359,713,-3254,-2613,3813,415,-1357,1
360,683,-4408,-946,4131,528,-1398,1
361,489,-4328,-113,3986,466,-1341,1
362,-196,-3960,-1154,3953,449,-1390,1
363,90,-3745,-1410,3777,328,-1426,1
364,473,-3928,-1224,3781,328,-1638,1
365,556,-3844,-1827,3864,429,-1498,1
366,-54,-4008,-1233,4000,439,-1130,1
367,-87,-4355,797,3921,486,-1084,1
368,169,-3942,-536,3730,420,-1583,1
369,299,-3383,-2727,3679,365,-1542,1
370,394,-4340,-50,3972,524,-1370,1
371,239,-4273,-34,4028,476,-1299,1
372,121,-3621,-1926,3895,359,-1306,1
373,127,-4051,-756,3752,475,-1493,1
374,329,-4136,-433,3866,415,-1384,1
375,175,-3848,-1334,3856,399,-1307,1
376,43,-3831,-1365,3843,436,-1437,1
377,187,-4050,-1204,4042,537,-1256,1
378,399,-4148,-834,4012,521,-1286,1
379,478,-3766,-1351,3766,478,-1407,1
380,282,-3921,-1380,3928,539,-1343,1
381,299,-4193,-548,3957,521,-1297,1
382,253,-3907,-1303,3931,441,-1359,1
383,218,-3924,-1634,3934,467,-1479,1
384,111,-3969,-995,3872,456,-1374,1
385,77,-3989,-984,3906,458,-1368,1
386,217,-3890,-1208,3836,360,-1340,1
387,152,-3941,-1061,3833,328,-1428,1
388,415,-4006,-1158,3890,413,-1346,1
389,237,-4001,-1143,3877,415,-1337,1
390,170,-3877,-1059,3825,318,-1339,1
391,429,-4051,-1014,3914,508,-1288,1
392,396,-4005,-1108,3933,550,-1289,1
393,170,-4053,-916,3987,425,-1317,1
394,218,-3941,-1154,3900,424,-1343,1
395,349,-3972,-1043,3884,411,-1451,1
396,426,-3890,-1233,3821,498,-1340,1
397,303,-4098,-930,3905,506,-1460,1
398,216,-3985,-1061,3923,424,-1341,1
399,235,-4083,-1286,3989,451,-1391,1
400,298,-4008,-1057,3968,519,-1239,1
401,187,-3990,-776,3896,458,-1322,1
402,396,-3896,-1011,3902,354,-1385,1
403,378,-3846,-1105,3773,333,-1386,1
404,462,-4035,-1428,3902,544,-1627,1
405,-180,-3700,-1128,3881,357,-1315,1
406,409,-4038,-1027,3951,587,-1380,1
407,-104,-4007,-118,3846,383,-1343,1
408,541,-3958,-1841,3942,470,-1324,1
409,-136,-3943,-1058,3935,345,-1540,1
410,457,-3956,-1634,3906,423,-1374,1
411,191,-4120,-499,3822,462,-1392,1
412,-65,-3798,-1286,3723,476,-1417,1
413,174,-3969,-1105,3888,341,-1378,1
414,139,-4021,-1042,3984,417,-1364,1
415,-40,-3896,-1080,3963,465,-1376,1
416,283,-3844,-1383,3843,463,-1385,1
417,319,-3939,-966,3889,517,-1390,1
418,252,-3985,-1202,3895,487,-1370,1
419,172,-4147,-868,3979,438,-1347,1
420,296,-3955,-1139,3906,513,-1350,1
421,78,-3793,-1315,3830,462,-1497,1
422,460,-3880,-1460,3856,570,-1445,1
423,152,-4037,-738,3885,405,-1286,1
424,185,-4050,-1073,3876,374,-1349,1
425,153,-3939,-1170,3930,443,-1410,1
426,203,-3878,-1205,3829,443,-1398,1
427,361,-3970,-1061,3901,421,-1442,1
428,110,-3896,-1319,3969,362,-1353,1
429,75,-4004,-904,3955,464,-1386,1
430,205,-3779,-1286,3829,469,-1458,1
431,159,-3846,-1253,3803,505,-1391,1
432,140,-3959,-1076,3888,433,-1370,1
433,171,-3890,-1000,3848,454,-1390,1
434,155,-3896,-1303,3858,395,-1424,1
435,299,-4001,-1090,3927,401,-1388,1
436,265,-3973,-946,3909,512,-1332,1
437,236,-3987,-1032,3944,469,-1277,1
438,125,-3960,-1204,3861,413,-1351,1
439,331,-4054,-913,3922,475,-1293,1
440,141,-3921,-1106,3945,487,-1298,1
441,10,-3831,-870,3766,464,-1183,1
442,1386,-4071,-532,3818,604,-1004,1
443,-822,-3880,-867,3905,307,-1353,1
444,-691,-3410,-771,3740,338,-1135,1
445,894,-3859,-1537,3869,864,-1722,1
446,-1027,-3575,-1475,3728,395,-1659,1
447,-34,-3363,-2264,3823,632,-1366,1
448,-88,-4040,1003,3708,529,-1114,1
449,505,-4213,-836,3914,373,-1028,1
450,239,-3957,-1220,3979,399,-1528,1
451,58,-3409,-2147,3718,315,-1582,1
452,-420,-4358,-806,4079,467,-1176,1
453,-322,-4098,-196,4041,435,-1182,1
454,-262,-3622,-1217,3736,536,-1257,1
455,396,-3905,-2152,3834,362,-1442,1
456,-18,-4005,-1490,3906,449,-1658,1
457,523,-4146,-1208,3961,425,-1361,1
458,462,-4296,-578,3991,460,-1267,1
459,381,-3928,-1285,3885,541,-1343,1
460,-180,-3671,-1511,3750,316,-1478,1
461,376,-3911,-1379,3909,356,-1219,1
462,415,-4359,-120,4036,479,-1237,1
463,-161,-4019,-629,3854,439,-1420,1
464,-8,-3699,-2019,3843,435,-1496,1
465,43,-3826,-840,3801,445,-1246,1
466,125,-4067,-566,3906,458,-1328,1
467,414,-3972,-1060,3886,461,-1240,1
468,335,-3909,-1255,3854,406,-1448,1
469,169,-4053,-1158,3873,450,-1446,1
470,269,-3863,-1202,3810,403,-1520,1
471,571,-3921,-1234,3876,424,-1406,1
472,-147,-3905,-999,3835,520,-1398,1
473,-135,-3830,-1125,3916,480,-1286,1
474,137,-3864,-1192,3894,441,-1378,1
475,11,-4097,-968,3906,422,-1366,1
476,-147,-3926,-1064,3941,411,-1341,1
477,124,-3896,-1202,3941,503,-1307,1
478,319,-4100,-984,3813,510,-1364,1
479,201,-4119,-1060,3981,523,-1383,1
480,-24,-3985,-1144,4035,430,-1343,1
481,367,-4056,-1058,3861,479,-1412,1
482,477,-4104,-1234,3887,478,-1339,1
483,-23,-3992,-807,3878,377,-1348,1
484,474,-4068,-802,3780,477,-1390,1
485,491,-3843,-1640,3849,509,-1508,1
486,-6,-4035,-1059,3914,379,-1434,1
487,123,-4164,-771,4086,279,-1396,1
488,169,-3847,-1042,4054,273,-1434,1
489,809,-4001,-1286,3896,446,-1384,1
490,-387,-3701,-1400,3698,277,-1452,1
491,-2,-4004,-856,3793,537,-1274,1
492,8,-4100,-963,3746,378,-1403,1
493,303,-3989,-1143,3950,508,-1389,1
494,205,-3876,-868,3912,368,-1334,1
495,319,-3699,-1608,3966,472,-1242,1
496,316,-4084,-1287,3916,507,-1315,1
497,314,-4002,-1123,3872,477,-1494,1
498,233,-3893,-1381,3957,446,-1390,1
499,88,-4049,-1028,3966,448,-1376,1
500,-54,-4065,-770,4006,483,-1173,1
501,-68,-3846,-964,3960,453,-1183,1
502,477,-3800,-1143,3777,428,-1386,1
503,431,-4003,-1480,3876,505,-1525,1
504,79,-3921,-948,3866,343,-1478,1
505,524,-4103,-1059,3956,481,-1342,1
506,302,-4021,-839,3873,504,-1383,1
507,223,-3862,-1412,3878,326,-1468,1
508,346,-3937,-1237,3886,437,-1368,1
509,410,-3925,-1063,3907,424,-1329,1
510,187,-3985,-680,3857,399,-1372,1
511,282,-3816,-1351,3847,485,-1397,1
512,127,-3960,-1171,3880,438,-1433,1
513,462,-4103,-1032,3912,494,-1299,1
514,-100,-4039,-721,3908,409,-1322,1
515,220,-3942,-1381,3847,447,-1385,1
516,218,-4001,-1093,3891,441,-1507,1
517,173,-3905,-1331,3947,531,-1295,1
518,40,-4102,-802,3963,481,-1343,1
519,205,-4019,-1205,3943,471,-1358,1
520,107,-3923,-1093,3843,545,-1391,1
521,344,-3954,-1270,3905,549,-1350,1
522,171,-4087,-792,3876,471,-1423,1
523,345,-3877,-1158,3930,475,-1341,1
524,91,-4007,-1093,3932,407,-1394,1
525,8,-3942,-1076,3886,427,-1374,1
526,287,-3842,-1077,3844,477,-1337,1
527,379,-3938,-1064,3814,459,-1304,1
528,474,-3991,-835,3856,441,-1325,1
529,72,-3827,-1143,3848,414,-1418,1
530,139,-3800,-1316,3883,419,-1380,1
531,-100,-3957,-914,3885,421,-1410,1
532,460,-4035,-883,3848,483,-1339,1
533,477,-3988,-1256,3915,419,-1394,1
534,446,-4037,-1077,3929,466,-1371,1
535,25,-3942,-1028,3906,417,-1374,1
536,-23,-3874,-1157,3878,389,-1327,1
537,75,-4100,-772,3986,506,-1262,1
538,377,-4116,-677,3843,475,-1400,1
539,285,-3859,-1400,3874,574,-1430,1
540,173,-3858,-1505,3794,431,-1423,1
541,-2,-4149,-737,3987,441,-1267,1
542,9,-4018,-932,4028,457,-1277,1
543,-85,-3864,-1271,3970,473,-1349,1
544,699,-3874,-1394,3853,433,-1444,1
545,622,-4049,-902,3910,448,-1333,1
546,477,-3926,-1175,3911,397,-1267,1
547,-84,-4018,-947,3867,352,-1477,1
548,282,-3906,-1185,3818,441,-1444,1
549,74,-3909,-998,3925,326,-1390,1
550,265,-4036,-963,3830,389,-1338,1
551,537,-3954,-950,3832,494,-1306,1
552,440,-3970,-1062,3809,459,-1474,1
553,79,-3864,-1396,3958,483,-1370,1
554,123,-3941,-1062,3929,491,-1334,1
555,219,-4034,-979,3937,491,-1359,1
556,206,-4007,-1015,3956,427,-1375,1
557,476,-3873,-1269,3839,551,-1428,1
558,248,-3989,-1094,3936,450,-1418,1
559,223,-4019,-1124,3939,485,-1311,1
560,159,-4097,-802,3878,405,-1336,1
561,477,-3924,-1299,3906,485,-1321,1
562,105,-3894,-1240,3832,419,-1353,1
563,361,-3922,-1187,3832,427,-1420,1
564,236,-4003,-1013,3916,461,-1393,1
565,-19,-3969,-1175,3944,423,-1417,1
566,-85,-3877,-1110,3809,444,-1487,1
567,73,-3862,-1510,3791,467,-1460,1
568,284,-3985,-1111,3842,369,-1406,1
569,491,-4020,-979,3890,427,-1323,1
570,393,-4019,-1154,3860,433,-1304,1
571,-3,-3907,-1171,3929,381,-1299,1
572,317,-3992,-870,3814,482,-1411,1
573,361,-3912,-1320,3864,529,-1428,1
574,125,-3896,-1304,3913,474,-1409,1
575,237,-3910,-1032,3894,504,-1409,1
576,77,-3937,-1108,3887,468,-1327,1
577,105,-3970,-961,3912,456,-1376,1
578,237,-4055,-1027,3943,581,-1339,1
579,-56,-3874,-1270,3891,507,-1397,1
580,431,-3926,-1347,3888,388,-1427,1
581,494,-4069,-1043,3981,451,-1284,1
582,397,-4067,-838,3935,427,-1340,1
583,217,-3985,-983,3833,472,-1377,1
584,287,-3846,-1319,3809,448,-1413,1
585,237,-4007,-1012,3868,395,-1337,1
586,141,-4053,-754,3947,448,-1327,1
587,108,-3858,-1255,3904,464,-1353,1
588,30,-3891,-1058,3798,397,-1376,1
589,286,-3906,-1143,3896,365,-1392,1
590,269,-3989,-995,3898,416,-1298,1
591,191,-3943,-1093,3874,423,-1408,1
592,303,-3992,-1271,3920,506,-1394,1
593,334,-3873,-1187,3836,453,-1423,1
594,331,-4037,-1060,3898,422,-1374,1
595,29,-4036,-949,3932,465,-1237,1
596,153,-4007,-854,3937,495,-1304,1
597,173,-3875,-1285,3856,414,-1354,1
598,286,-3921,-1409,3913,510,-1388,1
599,205,-4145,-882,3934,467,-1370,1
600,171,-3955,-1186,3979,474,-1348,1
601,287,-3923,-1079,3932,475,-1396,1
602,281,-3911,-1059,3832,506,-1355,1
603,287,-4022,-968,3917,468,-1331,1
604,139,-3971,-1107,3874,467,-1359,1
605,29,-3875,-1032,3841,444,-1351,1
606,141,-3861,-1140,3853,443,-1359,1
607,216,-3938,-998,3843,422,-1372,1
608,316,-3972,-1171,3914,419,-1354,1
609,63,-3957,-1026,3914,437,-1368,1
610,126,-3928,-1107,3901,434,-1407,1
611,172,-3973,-1170,3894,399,-1372,1
612,203,-3971,-1046,3897,419,-1380,1
613,185,-3953,-981,3888,462,-1392,1
614,315,-3905,-1256,3838,486,-1478,1
615,185,-3942,-1159,3910,439,-1395,1
616,281,-4019,-1144,3898,456,-1377,1
617,316,-3990,-1091,3928,508,-1332,1
618,269,-3988,-1076,3971,456,-1245,1
619,250,-4039,-1010,3923,477,-1314,1
620,185,-3955,-1044,3883,488,-1413,1
621,189,-3991,-1205,3912,428,-1395,1
622,152,-3972,-1028,3914,427,-1393,1
623,137,-3942,-1208,3861,451,-1395,1
624,268,-3959,-1202,3881,393,-1375,1
625,219,-4006,-1062,3885,427,-1428,1
626,287,-3988,-1094,3830,454,-1404,1
627,141,-3875,-1204,3840,413,-1417,1
628,107,-3924,-1202,3878,421,-1402,1
629,169,-3955,-1077,3889,443,-1338,1
630,190,-4017,-920,3881,412,-1326,1
631,153,-3939,-1089,3885,441,-1336,1
632,141,-4003,-1160,3905,464,-1372,1
633,201,-3986,-1154,3891,440,-1346,1
634,169,-3988,-1046,3975,421,-1339,1
635,204,-4018,-1074,3893,446,-1376,1
636,318,-3976,-1156,3881,451,-1398,1
637,269,-3973,-1126,3879,487,-1356,1
638,302,-3987,-948,3870,480,-1336,1
639,138,-4033,-1047,3858,451,-1410,1
640,236,-3974,-1236,3918,489,-1394,1
641,250,-3973,-1094,3906,470,-1378,1
642,188,-3960,-1107,3911,453,-1330,1
643,266,-4007,-964,3908,419,-1303,1
644,234,-3958,-934,3883,408,-1359,1
645,143,-3905,-1189,3845,432,-1345,1
646,170,-4008,-1139,3911,403,-1317,1
647,152,-3974,-933,3918,439,-1375,1
648,189,-3937,-1015,3889,451,-1349,1
649,173,-3926,-1106,3872,417,-1404,1
650,200,-3940,-1124,3854,455,-1451,1
651,253,-3889,-1329,3910,483,-1380,1
652,218,-3956,-1013,3893,453,-1380,1
653,235,-3970,-1080,3850,472,-1349,1
654,184,-3957,-1143,3876,473,-1313,1
655,174,-3991,-994,3902,438,-1291,1
656,234,-3986,-951,3865,468,-1315,1
657,346,-4001,-1074,3929,483,-1346,1
658,270,-3953,-1170,3912,461,-1421,1
659,331,-3992,-1188,3928,508,-1387,1
660,191,-3954,-1094,3930,483,-1359,1
661,191,-4018,-946,3868,446,-1328,1
662,333,-3942,-1091,3874,460,-1372,1
663,170,-3907,-1173,3853,446,-1343,1
664,29,-3956,-1092,3868,396,-1359,1
665,173,-3975,-999,3910,454,-1386,1
666,221,-3955,-1090,3912,430,-1347,1
667,108,-3921,-951,3886,425,-1384,1
668,73,-3873,-1284,3869,428,-1371,1
669,415,-3990,-1144,3858,379,-1372,1
670,378,-4006,-1077,3882,457,-1385,1
671,364,-4004,-1077,3885,451,-1359,1
672,234,-3912,-1090,3908,446,-1377,1
673,297,-3944,-1138,3876,445,-1383,1
674,381,-3989,-1156,3904,471,-1368,1
675,105,-3976,-981,3910,479,-1365,1
676,187,-3922,-1153,3896,457,-1357,1
677,297,-3987,-1189,3909,515,-1385,1
678,187,-3941,-1144,3890,441,-1436,1
679,153,-3907,-1110,3908,469,-1353,1
680,253,-3986,-1060,3886,478,-1326,1
681,255,-3987,-1030,3843,499,-1343,1
682,122,-3939,-1112,3862,474,-1376,1
683,221,-3832,-1234,3853,515,-1360,1
684,205,-4017,-947,3904,405,-1397,1
685,317,-3972,-1189,3920,413,-1378,1
686,125,-3938,-1314,3870,425,-1416,1
687,207,-3909,-1218,3927,477,-1269,1
688,235,-4146,-743,3947,371,-1445,1
689,415,-3873,-1588,3946,410,-1435,1
690,159,-3992,-1255,3918,430,-1311,1
691,-98,-3924,-820,3852,380,-1515,1
692,-39,-3874,-1475,3930,454,-1317,1
693,651,-3991,-1112,3888,439,-1394,1
694,265,-4148,-629,3924,386,-1344,1
695,266,-3830,-1457,3864,510,-1361,1
696,255,-3985,-1125,3943,406,-1427,1
697,523,-4051,-1144,3947,459,-1330,1
698,333,-4005,-916,3872,486,-1355,1
699,223,-3921,-1301,3895,452,-1330,1
700,170,-3926,-982,3803,424,-1504,1
701,280,-3960,-1426,3987,407,-1390,1
702,95,-3925,-1188,3907,471,-1301,1
703,-98,-4053,-680,3867,419,-1395,1
704,280,-3829,-1416,3838,472,-1248,1
705,284,-3878,-1202,3898,454,-1370,1
706,267,-3987,-936,3857,421,-1390,1
707,223,-3990,-1090,3899,473,-1341,1
708,395,-4102,-1026,3949,501,-1368,1
709,138,-3906,-1010,3856,403,-1353,1
710,267,-3924,-1350,3875,463,-1466,1
711,158,-3880,-1334,3911,430,-1349,1
712,175,-4083,-806,3908,431,-1340,1
713,382,-3938,-1255,3918,507,-1295,1
714,188,-3895,-1238,3885,477,-1282,1
715,205,-4006,-740,3898,479,-1345,1
716,233,-3905,-1316,3900,483,-1297,1
717,171,-3990,-1128,3894,466,-1386,1
718,127,-3960,-1076,3871,430,-1412,1
719,223,-3893,-1335,3845,429,-1417,1
720,217,-3943,-1218,3830,403,-1420,1
721,265,-4054,-946,3912,403,-1412,1
722,345,-3941,-1334,3898,454,-1434,1
723,267,-3960,-1191,3835,470,-1396,1
724,121,-3958,-1000,3831,437,-1360,1
725,-5,-3907,-1080,3874,397,-1359,1
726,461,-3908,-1203,3882,446,-1362,1
727,366,-3987,-1009,3838,454,-1410,1
728,266,-3954,-1204,3871,446,-1399,1
729,316,-3960,-1188,3868,454,-1394,1
730,159,-4001,-851,3912,469,-1327,1
731,254,-4001,-1153,3895,440,-1397,1
732,238,-3970,-1288,3904,506,-1351,1
733,156,-3941,-1013,3901,448,-1430,1
734,271,-3909,-1170,3864,471,-1455,1
735,344,-3858,-1299,3870,403,-1347,1
736,382,-4054,-897,3888,464,-1349,1
737,255,-3910,-1190,3879,440,-1370,1
738,299,-3875,-1268,3866,433,-1408,1
739,221,-4006,-897,3914,454,-1283,1
740,223,-3909,-1126,3911,460,-1282,1
741,267,-3923,-1112,3873,429,-1336,1
742,233,-3956,-1079,3888,454,-1424,1
743,187,-3927,-1171,3861,444,-1465,1
744,191,-3959,-1304,3894,425,-1443,1
745,89,-3972,-1111,3910,440,-1414,1
746,105,-3957,-1062,3922,439,-1374,1
747,377,-3991,-1048,3867,441,-1341,1
748,271,-3972,-1137,3934,419,-1361,1
749,315,-3973,-1060,3874,492,-1360,1
750,15,-4003,-967,4004,422,-1278,1
751,27,-3943,-1074,3643,357,-1288,1
752,92,-4018,-1090,3941,523,-1214,1
753,237,-3986,-1206,3937,446,-1492,1
754,409,-4004,-1141,3954,453,-1368,1
755,206,-3879,-1028,3863,439,-1373,1
756,105,-3924,-871,3941,462,-1421,1
757,76,-3877,-1363,3787,496,-1402,1
758,141,-4008,-1044,4037,469,-1444,1
759,330,-3992,-1074,3899,381,-1469,1
760,393,-4129,-1173,3893,375,-1388,1
761,203,-3975,-915,3783,400,-1334,1
762,109,-4036,-723,3772,345,-1332,1
763,312,-3973,-1352,3876,458,-1360,1
764,-134,-3939,-851,3949,350,-1303,1
765,574,-4070,-834,3907,454,-1366,1
766,168,-3955,-1254,3943,363,-1411,1
767,506,-3893,-1410,3856,397,-1403,1
768,312,-3989,-904,3895,486,-1413,1
769,442,-3954,-1303,3894,535,-1291,1
770,-21,-4007,-904,3915,431,-1365,1
771,398,-3970,-1122,3946,433,-1342,1
772,283,-4005,-1112,3940,399,-1301,1
773,40,-4022,-870,3914,367,-1320,1
774,204,-3942,-696,3934,475,-1306,1
775,463,-3959,-1333,3914,469,-1349,1
776,123,-3944,-834,3858,397,-1444,1
777,351,-3843,-1587,3893,438,-1418,1
778,153,-4054,-757,3925,546,-1351,1
779,207,-4020,-1042,3912,464,-1339,1
780,169,-3910,-1076,3885,495,-1422,1
781,45,-3797,-1384,3845,417,-1324,1
782,316,-4118,-818,3895,420,-1287,1
783,331,-4004,-1041,3934,464,-1376,1
784,139,-3959,-1142,3874,379,-1435,1
785,171,-3843,-1170,3883,448,-1463,1
786,254,-3987,-1220,3882,517,-1330,1
787,203,-4003,-834,3930,462,-1286,1
788,312,-3987,-1078,3842,496,-1377,1
789,126,-3879,-1331,3899,471,-1396,1
790,40,-3874,-1075,3872,391,-1386,1
791,218,-4098,-824,3971,529,-1247,1
792,-20,-4018,-964,3937,421,-1368,1
793,-87,-3811,-1457,3908,447,-1404,1
794,184,-3926,-1186,3889,584,-1410,1
795,186,-4085,-936,3955,443,-1412,1
796,89,-4035,-984,3990,405,-1352,1
797,233,-4003,-993,3882,499,-1357,1
798,10,-3925,-1217,3799,375,-1403,1
799,-20,-3939,-1154,3927,391,-1352,1
800,345,-3955,-1032,3829,413,-1272,1
801,317,-4056,-899,3845,409,-1299,1
802,463,-3992,-1384,3904,499,-1383,1
803,175,-3891,-1428,3933,500,-1401,1
804,207,-4006,-933,3919,446,-1384,1
805,392,-4017,-1057,3883,483,-1402,1
806,141,-3927,-1158,3858,416,-1438,1
807,202,-3875,-1333,3896,433,-1392,1
808,107,-3941,-920,3912,442,-1367,1
809,287,-4008,-962,3974,410,-1297,1
810,239,-3907,-1032,3877,415,-1343,1
811,427,-3973,-1254,3937,493,-1343,1
812,62,-3970,-1062,3928,465,-1384,1
813,249,-4037,-999,3935,443,-1353,1
814,365,-3954,-1059,3847,494,-1386,1
815,77,-3896,-1252,3891,453,-1400,1
816,285,-3924,-1269,3919,456,-1351,1
817,271,-4006,-855,3885,446,-1306,1
818,250,-3987,-904,3897,441,-1326,1
819,300,-3878,-1125,3862,421,-1398,1
820,332,-3879,-1255,3823,420,-1449,1
821,185,-4004,-1189,3939,434,-1396,1
822,316,-4008,-932,3913,441,-1351,1
823,186,-3969,-962,3860,374,-1366,1
824,285,-3922,-1250,3890,485,-1349,1
825,207,-3957,-1028,3862,399,-1346,1
826,233,-4018,-981,3915,437,-1300,1
827,109,-3988,-1032,3909,421,-1371,1
828,233,-3911,-1252,3890,451,-1416,1
829,121,-3906,-1064,3864,448,-1459,1
830,317,-3969,-1171,3944,518,-1286,1
831,77,-3991,-803,3950,459,-1374,1
832,172,-3880,-1185,3880,466,-1369,1
833,266,-3955,-1249,3887,453,-1399,1
834,235,-3959,-1093,3890,475,-1343,1
1,-84,-4355,462,3903,312,-1452,2
2,1036,-4451,-264,3942,346,-968,2
3,447,-4216,-402,3599,646,-1286,2
4,-278,-3398,-2533,3477,390,-1666,2
5,574,-4485,-900,4238,435,-1627,2
6,237,-4198,-1143,4160,243,-1551,2
7,175,-4051,-646,3972,481,-1040,2
8,137,-3604,-1044,3726,454,-1184,2
9,488,-3927,-1426,3794,634,-1456,2
10,298,-3925,-1683,3829,326,-1481,2
11,26,-4371,-440,4143,311,-1131,2
12,552,-4385,-359,4052,475,-1167,2
13,74,-3382,-2374,3689,365,-1577,2
14,685,-3460,-2737,3846,531,-1319,2
15,59,-4407,686,3941,380,-1301,2
16,136,-4002,-1271,4045,456,-1076,2
17,156,-3800,-1669,3915,533,-1538,2
18,329,-3779,-1732,3816,481,-1509,2
19,173,-4148,-626,3891,564,-1406,2
20,379,-3928,-1426,3801,386,-1304,2
21,285,-4082,-578,3920,442,-1380,2
22,221,-3729,-1416,3921,579,-1346,2
23,26,-4036,-966,3846,498,-1439,2
24,-535,-3650,-1524,3846,302,-1399,2
25,411,-4163,-773,3931,500,-1360,2
26,377,-4145,-836,3939,515,-1208,2
27,351,-4071,-1314,3938,533,-1248,2
28,-84,-3812,-1026,3819,392,-1469,2
29,254,-4066,-1192,3788,365,-1552,2
30,463,-4054,-1544,3939,511,-1505,2
31,333,-4226,-438,4009,590,-1139,2
32,296,-4342,268,3958,570,-1128,2
33,173,-3607,-2001,3670,336,-1546,2
34,217,-4001,-1745,3836,453,-1549,2
35,490,-4086,-1062,3976,547,-1361,2
36,571,-4310,-198,4053,502,-1208,2
37,79,-3890,-1239,3706,267,-1476,2
38,-312,-3634,-1377,3778,271,-1528,2
39,604,-3992,-1185,3950,658,-1430,2
40,797,-4293,-467,4062,644,-1191,2
41,-408,-3683,-1044,3827,166,-1348,2
42,271,-4083,-1224,3816,508,-1510,2
43,494,-4099,-1506,3978,356,-1446,2
44,-403,-3942,-1334,3929,350,-1493,2
45,235,-4338,-612,3888,709,-1304,2
46,605,-3892,-962,3752,312,-1518,2
47,479,-3588,-1508,3573,233,-1600,2
48,1289,-4247,-1416,3967,591,-1523,2
49,555,-4407,-310,4178,390,-1028,2
50,-84,-4418,-102,4082,495,-1294,2
51,-182,-3367,-2229,3636,481,-1495,2
52,668,-3541,-2307,3706,349,-1531,2
53,284,-4209,-279,3924,471,-1340,2
54,1182,-4417,-663,4150,644,-1146,2
55,-696,-3831,-835,3812,283,-1390,2
56,713,-3814,-1922,3777,680,-1410,2
57,44,-3975,-869,3772,466,-1462,2
58,395,-3893,-1426,4108,636,-1100,2
59,-257,-4134,77,3951,462,-1237,2
60,92,-3735,-1940,3778,456,-1408,2
61,203,-3700,-1845,3822,350,-1612,2
62,425,-3843,-1205,3894,476,-1338,2
63,222,-4280,168,4066,563,-1073,2
64,542,-3942,-914,3770,489,-1219,2
65,-97,-3747,-1127,3799,424,-1494,2
66,-36,-3655,-2164,3981,471,-1483,2
67,857,-4358,-726,4057,641,-1440,2
68,281,-3958,-1043,3914,443,-1148,2
69,539,-4018,-408,3702,449,-1416,2
70,-241,-3430,-1891,3656,361,-1410,2
71,201,-4081,-998,3921,348,-1267,2
72,619,-4358,-595,4042,350,-1270,2
73,-355,-3990,-456,4008,501,-1319,2
74,-68,-3571,-1810,3721,398,-1489,2
75,173,-3955,-984,3896,469,-1321,2
76,286,-4020,-1175,3987,476,-1386,2
77,287,-4069,-982,4057,508,-1328,2
78,172,-4022,-1205,3964,568,-1275,2
79,137,-3959,-531,3796,418,-1471,2
80,574,-3959,-1685,3858,446,-1470,2
81,248,-4129,-769,3878,405,-1206,2
82,248,-4051,-888,3885,480,-1366,2
83,378,-4085,-872,3858,535,-1404,2
84,11,-3764,-1702,3782,346,-1561,2
85,397,-4035,-854,3954,388,-1442,2
86,-83,-3666,-1608,3871,550,-1315,2
87,124,-3969,-993,3913,656,-1510,2
88,315,-3747,-1284,3879,438,-1212,2
89,-120,-4070,90,3816,436,-1418,2
90,105,-3489,-2503,3811,313,-1493,2
91,350,-4130,-1317,3912,294,-1437,2
92,814,-4050,-680,3973,545,-1282,2
93,686,-3971,-1059,3997,574,-1266,2
94,-242,-3684,-1589,3829,417,-1493,2
95,57,-4018,-1141,3833,374,-1486,2
96,281,-4023,-1383,3941,459,-1436,2
97,859,-4306,-1093,3910,331,-1321,2
98,891,-4259,-902,3959,451,-1194,2
99,703,-3683,-1286,3742,480,-1339,2
100,201,-3922,-1846,3887,606,-1277,2
101,-227,-4085,-54,3841,402,-1176,2
102,221,-3891,-1701,3941,377,-1329,2
103,584,-4034,-1315,3869,561,-1438,2
104,478,-4120,-868,3881,496,-1274,2
105,842,-3969,-1729,3885,347,-1531,2
106,-38,-3638,-1798,3864,439,-1442,2
107,63,-4168,-532,3984,487,-1275,2
108,121,-4215,-306,3917,383,-1437,2
109,382,-3811,-1858,3624,391,-1641,2
110,45,-3713,-1521,3742,289,-1253,2
111,92,-4039,-481,3944,422,-1292,2
112,552,-4196,-550,3957,645,-1080,2
113,296,-3570,-1762,3781,345,-1543,2
114,589,-4296,-1058,4030,499,-1326,2
115,-264,-3747,-1460,3910,465,-1384,2
116,399,-4340,-920,4046,690,-1337,2
117,104,-3957,-657,3958,491,-1038,2
118,317,-4322,-72,3805,435,-1392,2
119,620,-3666,-1928,3774,406,-1471,2
120,136,-4184,-1092,4043,326,-1251,2
121,267,-4423,-50,4032,379,-1263,2
122,541,-3971,-1156,3947,583,-1282,2
123,-198,-3510,-1640,3673,459,-1427,2
124,698,-3906,-1299,3863,345,-1319,2
125,652,-4168,-726,3980,485,-1432,2
126,125,-4114,-1080,4023,407,-1272,2
127,-516,-3861,-1141,3876,243,-1359,2
128,157,-3928,-1045,3774,513,-1384,2
129,159,-3826,-1490,3872,355,-1292,2
130,-55,-3976,-947,3914,305,-1179,2
131,687,-4116,-706,3856,632,-1362,2
132,365,-3843,-1394,3845,427,-1432,2
133,127,-3847,-1412,3821,419,-1389,2
134,424,-4051,-962,3940,539,-1532,2
135,553,-3910,-1617,4004,621,-1305,2
136,462,-4035,-1027,3857,521,-1426,2
137,700,-4292,-424,3980,395,-1218,2
138,776,-4017,-917,3808,429,-1404,2
139,-165,-3621,-1896,3896,451,-1363,2
140,-450,-3921,-977,3811,289,-1339,2
141,281,-4212,-724,3981,501,-1454,2
142,335,-3816,-1240,3922,549,-1247,2
143,204,-4021,-1236,3838,444,-1592,2
144,-183,-3843,-1428,3925,409,-1533,2
145,873,-4003,-1703,3896,578,-1500,2
146,207,-4049,-676,3946,362,-1154,2
147,250,-4166,-357,3870,488,-1394,2
148,233,-3832,-1286,3763,551,-1478,2
149,1051,-3938,-1732,3885,340,-1284,2
150,137,-3972,-422,3848,229,-1328,2
151,232,-4070,-808,4014,605,-1277,2
152,-276,-3718,-1345,3746,427,-1408,2
153,-372,-3813,-1442,3804,419,-1540,2
154,383,-3846,-1350,3776,315,-1573,2
155,574,-4194,-899,4048,556,-1234,2
156,221,-4264,-376,4077,422,-1002,2
157,489,-4161,-438,3890,523,-1319,2
158,861,-3634,-2561,3883,517,-1371,2
159,363,-4322,-296,3903,436,-1314,2
160,-150,-4082,-198,3989,455,-1139,2
161,73,-3953,-900,3852,571,-1404,2
162,-196,-3762,-1972,3811,280,-1507,2
163,552,-4006,-1105,3919,442,-1380,2
164,507,-3976,-1218,3996,537,-1299,2
165,153,-4002,-531,4041,473,-1170,2
166,217,-3988,-520,3853,462,-1182,2
167,105,-3795,-917,3734,331,-1446,2
168,111,-3762,-2375,3860,327,-1514,2
169,715,-4226,-869,3992,520,-1152,2
170,221,-4166,-376,3858,435,-1432,2
171,45,-3553,-1896,3753,424,-1524,2
172,573,-3527,-1736,3782,471,-1441,2
173,25,-4088,-692,3888,329,-1529,2
174,667,-4181,-1249,4097,630,-1246,2
175,-116,-3907,-1124,3894,285,-1220,2
176,410,-3969,-1237,3877,424,-1351,2
177,-100,-3908,-625,3863,471,-1275,2
178,141,-3780,-1570,3954,518,-1006,2
179,847,-4289,-322,3947,455,-1336,2
180,-84,-3926,-1508,3981,281,-1449,2
181,633,-4050,-1377,3788,389,-1460,2
182,990,-4212,-1158,3950,606,-1344,2
183,89,-4065,-770,4009,383,-1268,2
184,346,-3879,-1473,3841,467,-1410,2
185,495,-4146,-1144,3949,577,-1349,2
186,155,-4390,125,4057,265,-1192,2
187,316,-4019,-406,3763,508,-1373,2
188,281,-3506,-2632,3763,416,-1382,2
189,205,-3942,-1110,3951,231,-1430,2
190,744,-4211,-545,4023,546,-1266,2
191,461,-4006,-1158,3817,449,-1363,2
192,105,-3793,-1590,3839,376,-1478,2
193,459,-4085,-936,3836,564,-1528,2
194,202,-3927,-1496,3884,387,-1416,2
195,41,-3957,-1302,4049,434,-1186,2
196,191,-4081,-403,3879,578,-1472,2
197,63,-3720,-1555,3783,546,-1549,2
198,1483,-3960,-1812,3934,336,-1420,2
199,907,-4261,-209,4118,483,-1233,2
200,-2,-4178,-790,4103,633,-1248,2
201,-3,-3652,-1393,3721,498,-1509,2
202,506,-3617,-2019,3630,376,-1568,2
203,1241,-4371,-870,3896,567,-1466,2
204,349,-4183,-804,4022,344,-1237,2
205,31,-4152,-883,4088,442,-1119,2
206,413,-3831,-902,3677,563,-1648,2
207,-72,-3602,-2088,3757,443,-1461,2
208,-40,-3640,-1603,3800,266,-1363,2
209,971,-4436,-56,3971,466,-1315,2
210,314,-4023,-1544,4004,495,-1329,2
211,504,-3862,-1345,3833,574,-1497,2
212,185,-3736,-1365,3740,387,-1533,2
213,427,-4024,-1125,3908,488,-1375,2
214,568,-4067,-1267,3976,544,-1272,2
215,-118,-4274,-163,3923,313,-1317,2
216,9,-3831,-534,3845,496,-1569,2
217,506,-3637,-2136,3812,496,-1469,2
218,264,-4210,-673,3870,430,-1402,2
219,-195,-8517,-1875,3994,399,-1246,2
220,-194,-3895,-1608,3952,589,-1194,2
221,334,-3975,-594,3744,405,-1432,2
222,573,-3893,-2083,3814,542,-1432,2
223,600,-3829,-1655,3924,622,-1376,2
224,122,-4081,-580,4105,363,-1019,2
225,-152,-4264,-226,4002,268,-1179,2
226,-184,-3796,-1284,3805,557,-1406,2
227,541,-3731,-1734,3814,450,-1328,2
228,568,-4005,-753,3817,185,-1535,2
229,283,-4102,-835,4044,453,-1416,2
230,313,-4134,-646,3960,501,-1322,2
231,395,-4018,-709,3849,571,-1256,2
232,-213,-3528,-1799,3799,398,-1559,2
233,-23,-3766,-1555,3871,536,-1333,2
234,442,-4194,-498,4153,496,-1183,2
235,-145,-4102,-117,3945,189,-1262,2
236,1086,-3893,-1863,3759,641,-1494,2
237,-182,-3299,-2599,3784,523,-1301,2
238,-161,-4168,90,3886,311,-1371,2
239,590,-4051,-1319,3893,504,-1301,2
240,-52,-3784,-1333,3975,427,-1438,2
241,172,-4055,-1107,3832,273,-1584,2
242,856,-4083,-1430,3862,423,-1462,2
243,314,-3571,-2005,3850,606,-1369,2
244,-151,-4083,-296,3878,394,-1131,2
245,122,-4085,-584,3886,488,-1414,2
246,332,-3766,-1941,3881,576,-1470,2
247,-8,-3889,-1540,4011,344,-1395,2
248,331,-4164,27,3919,431,-1310,2
249,-86,-3784,-1251,3861,533,-1294,2
250,154,-3556,-1588,3782,491,-1330,2
251,-40,-4148,-593,3920,417,-1458,2
252,94,-3861,-1173,3975,486,-1478,2
253,77,-3586,-1749,3881,201,-1410,2
254,552,-4290,-423,3987,430,-1396,2
255,-178,-4100,-232,3770,589,-1473,2
256,-263,-3670,-1954,3876,464,-1312,2
257,-468,-3864,-456,3763,227,-1355,2
258,891,-4387,-312,3889,506,-1541,2
259,219,-3842,-2019,3984,503,-1391,2
260,-70,-3943,-626,3897,473,-1373,2
261,491,-4117,-760,3955,572,-1345,2
262,-103,-3553,-1505,3809,510,-1441,2
263,299,-3970,-1235,3898,547,-1387,2
264,-38,-4257,-246,3992,287,-1141,2
265,-84,-3970,-628,3861,707,-1248,2
266,-360,-3365,-2324,3744,528,-1500,2
267,536,-3906,-1314,3768,424,-1454,2
268,75,-4150,-344,3929,341,-1392,2
269,410,-3682,-1779,3864,542,-1214,2
270,79,-3960,-1443,3747,275,-1626,2
271,239,-3911,-1446,3966,402,-1388,2
272,-167,-3857,-899,3822,453,-1372,2
273,331,-4152,-1122,3887,433,-1098,2
274,-354,-4133,-40,3989,308,-1128,2
275,25,-3537,-2018,3889,483,-1315,2
276,235,-3811,-2209,3910,473,-1250,2
277,828,-4338,-280,3949,337,-1410,2
278,281,-4087,-1074,4072,478,-1366,2
279,234,-3924,-1219,3813,502,-1526,2
280,392,-3938,-1368,3737,503,-1411,2
281,248,-4054,-1362,3894,417,-1477,2
282,456,-3990,-1410,3984,518,-1267,2
283,41,-4100,-408,3967,414,-1232,2
284,317,-4035,-855,3832,388,-1455,2
285,220,-3810,-1126,3784,545,-1394,2
286,-294,-3716,-1506,3910,442,-1127,2
287,441,-4066,-305,3819,266,-1419,2
288,540,-4069,-1190,3928,331,-1515,2
289,377,-3895,-1411,3821,422,-1424,2
290,-34,-4002,-978,3911,375,-1476,2
291,571,-3826,-1250,3904,661,-1198,2
292,446,-4088,-951,3906,636,-1226,2
293,-465,-3972,-469,3855,253,-1201,2
294,-584,-3879,-1123,3834,257,-1412,2
295,589,-4021,-1586,4048,578,-1416,2
296,573,-4065,-738,3909,444,-1288,2
297,235,-4184,-212,3919,417,-1280,2
298,395,-3569,-2084,3819,506,-1191,2
299,107,-4195,-550,3979,459,-1370,2
300,-101,-4053,-775,3894,335,-1531,2
301,493,-3896,-1656,3800,571,-1581,2
302,461,-4165,-968,3903,537,-1346,2
303,93,-4164,-278,4014,417,-1067,2
304,-194,-3842,-902,3907,302,-1345,2
305,345,-3714,-1942,3773,432,-1321,2
306,541,-3908,-1185,3854,459,-1333,2
307,-213,-4004,-739,3832,422,-1515,2
308,267,-4006,-1441,3882,434,-1452,2
309,123,-3890,-1254,3867,360,-1320,2
310,329,-4056,-964,3855,469,-1476,2
311,600,-3793,-1590,3845,535,-1394,2
312,-53,-3815,-1475,3856,345,-1367,2
313,62,-4354,12,3970,315,-1333,2
314,568,-3826,-1701,3886,380,-1357,2
315,479,-3699,-2243,3839,582,-1363,2
316,14,-3986,-418,3832,478,-1474,2
317,271,-3986,-1013,3971,599,-1275,2
318,-168,-3619,-1861,3959,305,-1349,2
319,-214,-3959,-1187,3989,344,-1460,2
320,939,-4276,-1030,3986,754,-1441,2
321,345,-3765,-1095,3787,666,-1359,2
322,-356,-3795,-787,3819,265,-1262,2
323,126,-4134,-772,3905,260,-1338,2
324,299,-4056,-1414,3962,393,-1502,2
325,379,-3922,-1474,3946,466,-1259,2
326,414,-4114,-309,3833,582,-1334,2
327,169,-3879,-694,3784,435,-1341,2
328,-22,-3714,-1765,3878,316,-1518,2
329,77,-4084,-903,3918,323,-1511,2
330,477,-4145,-1159,3958,453,-1368,2
331,254,-3894,-1016,3834,382,-1394,2
332,494,-3957,-966,3834,545,-1299,2
333,-72,-3944,-819,3875,346,-1372,2
334,169,-3943,-1412,3969,322,-1351,2
335,427,-4152,-791,4042,439,-1313,2
336,344,-3971,-1015,3848,626,-1356,2
337,73,-3861,-1266,3819,421,-1429,2
338,172,-3847,-1254,3816,456,-1368,2
339,13,-3990,-882,3906,262,-1306,2
340,491,-4152,-1014,4000,381,-1264,2
341,328,-3894,-1063,3871,548,-1314,2
342,316,-3893,-1143,3864,503,-1243,2
343,-120,-3910,-914,3890,375,-1379,2
344,380,-4081,-1064,3973,435,-1274,2
345,361,-4113,-1027,3994,432,-1308,2
346,506,-4067,-1074,3932,538,-1385,2
347,168,-3783,-1476,3800,479,-1476,2
348,-53,-3747,-1156,3875,392,-1340,2
349,185,-4066,-856,3924,435,-1372,2
350,233,-4104,-968,3962,494,-1363,2
351,250,-3921,-1331,3841,371,-1420,2
352,-37,-3844,-1203,3811,273,-1456,2
353,-232,-3974,-1095,3870,389,-1348,2
354,43,-4052,-724,4008,573,-1222,2
355,587,-4037,-1623,3950,743,-1651,2
356,219,-3733,-1314,3825,435,-1460,2
357,893,-4134,-1681,3912,513,-1333,2
358,15,-4162,-199,3850,364,-1426,2
359,397,-3873,-1653,4005,484,-1226,2
360,-98,-3971,-710,3905,445,-1446,2
361,392,-3969,-1253,3885,496,-1279,2
362,-82,-3987,-690,3893,315,-1370,2
363,399,-3825,-1362,3945,392,-1327,2
364,398,-4053,-1186,3942,405,-1393,2
365,126,-3921,-981,3869,486,-1392,2
366,473,-3924,-1058,3805,576,-1374,2
367,232,-4007,-1206,3890,419,-1440,2
368,191,-4019,-1304,3941,435,-1438,2
369,249,-3909,-1297,3879,399,-1468,2
370,105,-3896,-949,3878,352,-1315,2
371,363,-4035,-754,3878,545,-1274,2
372,221,-3907,-1141,3885,448,-1363,2
373,317,-3905,-1330,3851,447,-1467,2
374,319,-4037,-1062,3942,492,-1361,2
375,189,-4035,-838,3940,471,-1378,2
376,141,-3859,-1123,3844,497,-1386,2
377,507,-3953,-1364,3862,429,-1368,2
378,239,-4034,-1094,3952,424,-1410,2
379,-66,-4049,-774,3959,409,-1326,2
380,430,-3991,-945,3902,521,-1250,2
381,397,-3974,-1222,3838,535,-1386,2
382,301,-4051,-1062,3875,422,-1446,2
383,249,-3906,-1173,3939,431,-1333,2
384,251,-4021,-931,3888,431,-1400,2
385,457,-3938,-1283,3841,493,-1383,2
386,392,-3988,-1153,3828,488,-1453,2
387,-8,-3797,-1249,3851,376,-1456,2
388,31,-4007,-997,3947,379,-1302,2
389,287,-4049,-919,3944,423,-1330,2
390,139,-3843,-898,3816,463,-1275,2
391,111,-3873,-1169,3860,405,-1330,2
392,301,-3976,-945,3723,351,-1258,2
393,318,-4178,-1506,3914,468,-1192,2
394,-564,-4099,-1030,4026,375,-1356,2
395,542,-3891,-760,3673,378,-1194,2
396,1849,-4818,-1283,3898,899,-1624,2
397,-101,-3944,-1810,3866,308,-1659,2
398,829,-3752,-2486,3902,565,-1334,2
399,379,-4408,1070,3737,582,-1036,2
400,315,-4114,-1219,3890,456,-993,2
401,235,-3698,-1079,3854,467,-1556,2
402,540,-3588,-2449,3794,340,-1611,2
403,412,-4612,-370,4125,422,-1232,2
404,205,-4150,-103,4052,451,-1259,2
405,942,-3683,-692,3605,571,-1295,2
406,521,-3811,-2260,3753,443,-1714,2
407,155,-3731,-1720,3885,369,-1644,2
408,265,-4104,-869,3999,358,-1302,2
409,589,-4198,-532,3954,449,-1214,2
410,75,-3748,-1074,3754,493,-1392,2
411,-37,-3603,-1635,3619,305,-1562,2
412,382,-4212,-1075,4048,445,-1232,2
413,110,-4356,-194,4138,433,-1273,2
414,202,-3911,-1159,3901,439,-1432,2
415,255,-3633,-2019,3710,506,-1602,2
416,334,-3826,-1314,3774,481,-1377,2
417,123,-4146,-469,4056,467,-1289,2
418,106,-3889,-1090,4006,567,-1144,2
419,31,-3941,-1170,3885,373,-1430,2
420,379,-4054,-1301,3868,525,-1426,2
421,142,-3894,-1169,3838,488,-1500,2
422,447,-4116,-1171,3911,477,-1351,2
423,334,-4179,-726,3897,559,-1372,2
424,175,-3890,-1334,3919,483,-1333,2
425,296,-3827,-1442,3790,411,-1459,2
426,367,-3986,-997,3859,443,-1366,2
427,-116,-4053,-822,3921,346,-1357,2
428,510,-3959,-1106,3900,428,-1293,2
429,271,-4036,-887,3854,446,-1336,2
430,233,-4019,-1128,3898,491,-1392,2
431,248,-3794,-1348,3877,401,-1355,2
432,397,-3989,-934,3947,450,-1338,2
433,600,-4149,-1076,3994,547,-1291,2
434,-118,-3857,-900,3883,351,-1312,2
435,142,-3816,-1191,3898,405,-1411,2
436,457,-3826,-1124,3799,535,-1416,2
437,302,-3778,-1394,3974,445,-1331,2
438,383,-4067,-824,3992,498,-1182,2
439,283,-4071,-757,4014,421,-1376,2
440,89,-3986,-951,3946,561,-1384,2
441,-130,-3814,-1415,3848,464,-1432,2
442,-99,-3927,-1063,3851,459,-1405,2
443,491,-4003,-978,3954,488,-1296,2
444,168,-3939,-1127,3845,381,-1418,2
445,127,-3879,-1144,3798,439,-1363,2
446,414,-3843,-1493,3897,462,-1286,2
447,252,-4113,-583,3919,412,-1336,2
448,456,-3873,-1218,3848,453,-1434,2
449,254,-3844,-1507,3852,408,-1471,2
450,185,-3959,-997,3790,335,-1418,2
451,175,-4071,-838,3976,371,-1351,2
452,367,-4002,-1080,3852,451,-1312,2
453,141,-3892,-962,3853,411,-1326,2
454,136,-3843,-1314,3830,478,-1458,2
455,315,-3891,-1143,3866,504,-1444,2
456,137,-3891,-1218,3924,426,-1323,2
457,266,-4104,-872,3977,493,-1361,2
458,315,-3857,-1170,3911,509,-1326,2
459,111,-3927,-1331,3870,408,-1461,2
460,537,-4118,-904,3937,532,-1360,2
461,89,-4008,-774,3929,504,-1336,2
462,271,-3905,-1381,3885,535,-1395,2
463,186,-3987,-1186,3873,465,-1403,2
464,447,-4024,-1044,3890,535,-1338,2
465,77,-3942,-849,3841,375,-1385,2
466,76,-3873,-1397,3888,387,-1357,2
467,441,-3876,-1032,3856,431,-1390,2
468,168,-3971,-1233,3940,404,-1374,2
469,218,-4034,-920,3890,408,-1390,2
470,298,-3941,-1010,3830,429,-1378,2
471,264,-3908,-1143,3866,523,-1400,2
472,171,-3859,-1302,3841,462,-1322,2
473,238,-4002,-850,3860,439,-1372,2
474,408,-3960,-1107,3906,469,-1307,2
475,442,-4051,-1121,3925,550,-1430,2
476,30,-3908,-1191,3868,430,-1428,2
477,252,-3906,-1028,3953,504,-1296,2
478,-101,-3959,-930,3893,404,-1304,2
479,444,-3974,-871,3954,410,-1296,2
480,281,-4018,-1137,3914,497,-1363,2
481,239,-4005,-1125,3964,475,-1299,2
482,301,-4056,-1063,3929,439,-1402,2
483,462,-3989,-1176,3892,492,-1353,2
484,632,-4020,-948,3829,424,-1375,2
485,-483,-3960,-1030,3862,325,-1409,2
486,-200,-3861,-1414,3819,531,-1356,2
487,56,-3955,-936,3870,451,-1195,2
488,27,-4051,-742,3950,279,-1404,2
489,367,-3927,-1171,3809,488,-1386,2
490,302,-3848,-1346,3810,447,-1403,2
491,206,-3992,-1045,3877,441,-1451,2
492,233,-4071,-722,3902,475,-1309,2
493,75,-3958,-1319,3983,442,-1315,2
494,168,-3878,-1218,3861,405,-1320,2
495,221,-3924,-1270,3942,601,-1260,2
496,-38,-4003,-868,3938,535,-1339,2
497,249,-3941,-1123,3931,433,-1351,2
498,221,-3954,-1218,3857,483,-1410,2
499,270,-4100,-994,3898,437,-1336,2
500,104,-3989,-1042,3971,431,-1243,2
501,269,-3969,-968,3934,535,-1227,2
502,125,-3944,-1030,3890,385,-1461,2
503,366,-3969,-1221,3849,385,-1458,2
504,745,-4083,-1124,3886,521,-1446,2
505,319,-3987,-980,3826,389,-1396,2
506,139,-4033,-1096,3931,485,-1335,2
507,25,-3848,-1090,3806,437,-1365,2
508,-7,-3778,-1400,3844,414,-1487,2
509,237,-3922,-1094,3886,420,-1383,2
510,299,-3986,-1140,3893,399,-1298,2
511,284,-4065,-930,3896,405,-1386,2
512,107,-3879,-1304,3843,437,-1351,2
513,216,-3879,-1032,3837,485,-1394,2
514,316,-3954,-1233,3853,478,-1417,2
515,175,-3957,-1079,3916,421,-1361,2
516,207,-4019,-1074,3958,474,-1396,2
517,63,-3830,-1297,3893,446,-1445,2
518,472,-3991,-1362,3883,487,-1361,2
519,392,-4069,-740,3881,497,-1299,2
520,334,-4002,-1127,3917,476,-1283,2
521,299,-4005,-1238,3898,485,-1388,2
522,302,-3940,-1125,3894,494,-1432,2
523,190,-3896,-1204,3858,481,-1433,2
524,73,-3925,-1123,3853,431,-1334,2
525,109,-4039,-950,3925,461,-1331,2
526,349,-3987,-934,3881,481,-1380,2
527,236,-3846,-1414,3832,422,-1418,2
528,207,-3960,-1096,3851,387,-1362,2
529,202,-4098,-676,3902,429,-1310,2
530,153,-3953,-1026,3872,351,-1357,2
531,377,-3907,-1288,3846,506,-1437,2
532,156,-3907,-1222,3875,429,-1402,2
533,63,-4037,-1144,3916,420,-1326,2
534,121,-3972,-1000,3893,434,-1337,2
535,268,-4018,-1046,3916,533,-1393,2
536,251,-3926,-1124,3845,470,-1378,2
537,361,-4054,-1079,3931,477,-1342,2
538,109,-4006,-1041,3981,451,-1334,2
539,170,-4024,-1042,3937,509,-1328,2
540,94,-3956,-1124,3942,466,-1323,2
541,344,-3928,-1160,3893,520,-1396,2
542,250,-3971,-1090,3878,443,-1343,2
543,266,-3960,-1125,3872,424,-1369,2
544,137,-3939,-1112,3888,409,-1373,2
545,207,-3989,-1030,3963,421,-1333,2
546,205,-3953,-1026,3894,376,-1293,2
547,346,-3991,-1060,3886,420,-1328,2
548,267,-3944,-1076,3834,409,-1425,2
549,205,-4021,-1253,3909,393,-1424,2
550,141,-4019,-1046,3925,445,-1380,2
551,365,-4037,-1016,3856,493,-1364,2
552,205,-3955,-1106,3881,446,-1342,2
553,345,-3971,-1126,3924,459,-1336,2
554,223,-4021,-978,3867,443,-1347,2
555,365,-4036,-1153,3952,522,-1314,2
556,300,-4051,-952,3928,477,-1311,2
557,218,-3974,-1012,3911,522,-1341,2
558,186,-3924,-1075,3885,488,-1351,2
559,281,-4002,-1064,3916,470,-1349,2
560,205,-4003,-998,3915,456,-1344,2
561,124,-3912,-1172,3921,471,-1395,2
562,300,-3940,-1284,3853,425,-1400,2
563,426,-4037,-1107,3916,508,-1451,2
564,346,-3985,-1029,3891,422,-1398,2
565,26,-3971,-1058,3866,438,-1400,2
566,143,-3940,-1143,3835,442,-1394,2
567,201,-3938,-1141,3777,374,-1473,2
568,92,-3816,-1202,3809,391,-1400,2
569,25,-3879,-1107,3873,407,-1353,2
570,106,-3921,-951,3846,425,-1345,2
571,221,-3956,-1079,3840,430,-1380,2
572,173,-3863,-1297,3877,402,-1452,2
573,137,-3959,-1043,3904,496,-1420,2
574,367,-3959,-1155,3912,483,-1397,2
575,399,-4038,-1127,3974,469,-1384,2
576,269,-3957,-1073,3902,451,-1388,2
577,223,-3970,-1170,3931,473,-1333,2
578,296,-3939,-1173,3864,483,-1378,2
579,219,-4006,-903,3936,477,-1304,2
580,334,-3970,-1046,3914,493,-1338,2
581,233,-4003,-993,3912,474,-1344,2
582,265,-3973,-1141,3897,469,-1398,2
583,254,-3907,-1185,3934,510,-1384,2
584,235,-3975,-1063,3878,469,-1363,2
585,123,-3928,-993,3871,433,-1387,2
586,249,-3909,-1187,3882,462,-1357,2
587,187,-3906,-1105,3856,431,-1397,2
588,200,-3970,-1045,3904,445,-1351,2
589,233,-3940,-1125,3872,443,-1379,2
590,205,-3942,-1062,3886,403,-1383,2
591,248,-3956,-1141,3893,443,-1375,2
592,143,-3975,-1206,3897,429,-1391,2
593,191,-3971,-1092,3919,463,-1353,2
594,220,-3986,-982,3924,424,-1351,2
595,200,-3990,-1012,3891,461,-1345,2
596,170,-3937,-1138,3868,403,-1342,2
597,187,-4001,-1010,3874,454,-1352,2
598,253,-3990,-1032,3971,456,-1277,2
599,286,-4050,-966,3868,464,-1359,2
600,303,-3892,-1266,3879,504,-1408,2
601,220,-3907,-1255,3910,444,-1336,2
602,271,-4004,-872,3927,513,-1349,2
603,235,-3939,-1122,3912,482,-1340,2
604,205,-3926,-1281,3918,409,-1404,2
605,156,-3957,-1010,3914,449,-1343,2
606,121,-3942,-1027,3930,412,-1331,2
607,233,-3938,-1060,3821,423,-1376,2
608,222,-3991,-1128,3849,437,-1381,2
609,234,-3925,-1122,3881,469,-1406,2
610,79,-3892,-1191,3922,413,-1402,2
611,159,-3959,-1176,3929,480,-1333,2
612,302,-4002,-915,3892,477,-1322,2
613,127,-3957,-966,3843,435,-1349,2
614,157,-3928,-1204,3874,429,-1311,2
615,203,-3972,-1015,3873,437,-1371,2
616,219,-3986,-1107,3918,426,-1391,2
617,269,-3988,-1139,3885,491,-1382,2
618,280,-4002,-945,3893,496,-1385,2
619,287,-3923,-1090,3893,498,-1406,2
620,314,-3943,-1171,3898,494,-1391,2
621,200,-3971,-1013,3925,417,-1366,2
622,249,-4018,-1064,3897,429,-1347,2
623,249,-3909,-1201,3887,461,-1362,2
624,319,-4019,-946,3863,468,-1414,2
625,158,-3957,-1028,3888,446,-1384,2
626,153,-3906,-1251,3883,446,-1404,2
627,237,-3987,-1144,3869,421,-1399,2
628,223,-3988,-1061,3900,439,-1347,2
629,111,-3938,-1096,3880,425,-1414,2
630,190,-3938,-1026,3875,469,-1391,2
631,223,-3906,-1076,3872,451,-1376,2
632,221,-3956,-1153,3879,445,-1353,2
633,153,-3926,-1073,3850,490,-1340,2
634,253,-3971,-1041,3914,466,-1402,2
635,249,-3957,-1109,3868,493,-1325,2
636,223,-3971,-1138,3892,466,-1394,2
637,217,-4008,-1126,3937,502,-1432,2
638,189,-3991,-1122,3941,473,-1344,2
639,250,-4023,-963,3933,445,-1354,2
640,299,-3972,-978,3845,504,-1378,2
641,349,-3985,-1304,3895,500,-1400,2
642,267,-4023,-1062,3908,461,-1436,2
643,207,-3992,-1096,3906,469,-1343,2
644,173,-3976,-1080,3898,484,-1296,2
645,120,-3912,-1079,3833,403,-1355,2
646,235,-3942,-1078,3852,399,-1363,2
647,141,-3921,-1058,3835,433,-1364,2
648,191,-3992,-1124,3891,431,-1381,2
649,184,-3957,-1013,3868,437,-1372,2
650,301,-3959,-1171,3914,433,-1382,2
651,190,-3957,-1079,3922,407,-1410,2
652,223,-3990,-1075,3918,433,-1365,2
653,252,-4021,-1124,3924,464,-1324,2
654,107,-3953,-1096,3875,422,-1353,2
655,301,-3960,-1154,3885,431,-1354,2
656,205,-3958,-981,3848,434,-1368,2
657,286,-3974,-994,3891,466,-1284,2
658,235,-3974,-1046,3899,453,-1353,2
659,285,-3974,-1059,3934,506,-1372,2
660,220,-3969,-1172,3888,441,-1389,2
661,269,-4003,-1091,3933,477,-1355,2
662,201,-3970,-1075,3912,447,-1328,2
663,221,-3971,-1096,3867,431,-1341,2
664,281,-3987,-1078,3900,433,-1329,2
665,191,-4007,-1080,3867,397,-1365,2
666,284,-3986,-1061,3898,418,-1335,2
667,159,-3907,-1094,3845,451,-1361,2
668,72,-3942,-1060,3883,400,-1421,2
669,90,-3921,-1217,3897,437,-1404,2
670,250,-3928,-1256,3899,420,-1434,2
671,123,-3944,-1141,3906,430,-1362,2
672,143,-3938,-1042,3867,459,-1355,2
673,330,-3940,-1092,3837,472,-1350,2
674,312,-3959,-995,3942,437,-1368,2
675,362,-3944,-1192,3878,424,-1372,2
676,106,-3970,-1175,3933,461,-1380,2
677,169,-3970,-1105,3925,473,-1389,2
678,154,-3889,-1187,3864,413,-1459,2
679,206,-3937,-1267,3917,522,-1392,2
680,60,-3969,-932,3891,456,-1328,2
681,255,-3953,-1107,3921,494,-1325,2
682,169,-3910,-1249,3889,432,-1370,2
683,186,-3955,-1109,3908,474,-1359,2
684,250,-3928,-1094,3867,498,-1338,2
685,173,-3986,-1155,3885,459,-1325,2
686,61,-3976,-946,3920,413,-1376,2
687,121,-3848,-1287,3894,422,-1385,2
688,344,-3939,-1299,3809,471,-1438,2
689,238,-4036,-1060,3878,483,-1464,2
690,111,-4008,-1076,3910,523,-1283,2
691,168,-3975,-1025,3927,423,-1290,2
692,154,-4036,-1140,3874,488,-1396,2
693,-69,-3860,-1011,3776,344,-1354,2
694,511,-4087,-1122,3899,504,-1422,2
695,255,-3988,-1010,3839,414,-1351,2
696,350,-3957,-1187,3904,475,-1413,2
697,31,-3878,-967,3835,406,-1410,2
698,330,-3957,-1393,3927,458,-1392,2
699,169,-4100,-678,3924,483,-1358,2
700,170,-3907,-999,3910,423,-1366,2
701,362,-3927,-1281,3954,530,-1311,2
702,622,-4150,-934,3917,524,-1323,2
703,-145,-3877,-935,3856,510,-1416,2
704,381,-3956,-1380,3958,555,-1301,2
705,93,-3939,-1094,3888,350,-1286,2
706,234,-3905,-1025,3916,464,-1264,2
707,265,-3907,-1171,3862,461,-1284,2
708,89,-3987,-967,3864,431,-1368,2
709,331,-3954,-1158,3824,462,-1427,2
710,552,-4050,-1078,3928,475,-1294,2
711,40,-3974,-897,3883,406,-1392,2
712,269,-3971,-1091,3823,456,-1361,2
713,331,-3971,-1094,3837,461,-1438,2
714,56,-3972,-886,3885,418,-1430,2
715,269,-3954,-1317,3976,453,-1353,2
716,269,-3942,-932,3851,478,-1292,2
717,411,-3969,-1031,3851,434,-1389,2
718,45,-3844,-1298,3922,449,-1303,2
719,25,-3954,-995,3910,459,-1338,2
720,301,-4054,-760,3876,454,-1355,2
721,447,-3989,-1331,3943,435,-1349,2
722,283,-3959,-978,3889,406,-1361,2
723,377,-3970,-1075,3937,483,-1358,2
724,271,-4003,-968,3919,557,-1323,2
725,111,-3989,-998,3863,414,-1425,2
726,299,-3940,-1092,3822,411,-1404,2
727,317,-3909,-1304,3875,480,-1461,2
728,44,-3970,-952,3866,377,-1315,2
729,136,-4006,-1108,3908,475,-1331,2
730,298,-3992,-945,3843,531,-1365,2
731,-104,-3891,-1254,3865,414,-1406,2
732,589,-4040,-1206,3867,486,-1355,2
733,461,-4069,-856,3856,473,-1382,2
734,395,-4007,-1143,3872,507,-1351,2
735,152,-3910,-1320,3874,470,-1382,2
736,-39,-3926,-1139,3870,491,-1369,2
737,269,-4002,-1058,3866,456,-1366,2
738,170,-3910,-930,3914,521,-1341,2
739,255,-3911,-1000,3910,391,-1328,2
740,235,-3891,-1318,3921,488,-1301,2
741,377,-3954,-1235,3934,456,-1454,2
742,74,-3911,-1028,3886,439,-1362,2
743,91,-4017,-1000,3901,474,-1375,2
744,233,-3971,-961,3859,431,-1406,2
745,441,-3923,-1256,3855,411,-1426,2
746,475,-3971,-1128,3944,494,-1395,2
747,109,-3971,-1127,3942,433,-1349,2
748,79,-3960,-1106,3927,471,-1372,2
749,46,-3928,-1076,3879,498,-1380,2
750,267,-4019,-966,3875,496,-1359,2
751,138,-3957,-1043,3904,443,-1356,2
752,138,-3845,-1190,3925,431,-1335,2
753,158,-4053,-1128,3928,488,-1384,2
754,12,-3921,-1158,3910,433,-1380,2
755,143,-3907,-951,3891,494,-1349,2
756,187,-3976,-1028,3866,422,-1378,2
757,205,-3986,-1154,3897,419,-1294,2
758,221,-3987,-968,3881,430,-1340,2
759,217,-4024,-984,3907,465,-1282,2
760,248,-3976,-1185,3843,401,-1363,2
761,383,-4034,-1128,3893,438,-1402,2
762,94,-3973,-1160,3908,428,-1383,2
763,297,-4023,-1015,3880,451,-1346,2
764,200,-4024,-1010,3901,484,-1397,2
765,248,-3906,-1169,3878,449,-1375,2
766,219,-3985,-1154,3885,451,-1351,2
767,169,-4003,-982,3927,440,-1302,2
768,328,-4002,-1015,3903,438,-1348,2
769,218,-3926,-1064,3841,479,-1368,2
770,155,-3973,-1219,3879,462,-1372,2
771,251,-3991,-1059,3904,451,-1349,2
772,333,-4003,-1042,3892,477,-1353,2
773,255,-3938,-1108,3872,446,-1374,2
774,207,-3944,-1368,3916,496,-1356,2
775,125,-3971,-984,3865,438,-1380,2
776,237,-3991,-1187,3908,436,-1341,2
777,216,-4006,-998,3912,467,-1336,2
778,186,-4006,-1062,3905,421,-1371,2
779,93,-3890,-1174,3920,445,-1425,2
780,250,-3922,-1207,3926,460,-1309,2
781,329,-3959,-977,3838,457,-1380,2
782,395,-4003,-1219,3886,465,-1390,2
783,75,-3889,-1239,3881,412,-1446,2
784,217,-4003,-1014,3918,485,-1390,2
785,137,-3874,-1105,3848,456,-1351,2
