Acquisition_Number;principal_component_1;principal_component_2;label
50;0.03672532720714403;0.15075020732262379;guasto
50;0.03791242146976265;0.15662642438893315;guasto
50;0.035855165878294626;0.15454756652989377;guasto
50;0.03131463258593197;0.1510806572607441;guasto
50;0.030251229550080673;0.1499465247641422;guasto
50;0.036467242523179795;0.15401337362651396;guasto
50;0.036467242523179795;0.15401337362651396;guasto
50;0.03629427367652279;0.1534266246203331;guasto
50;0.04089235366292004;0.15192896336664027;guasto
50;0.039214829331983114;0.15486342664143957;guasto
50;0.037473306782331045;0.15322930178518201;guasto
50;0.036062063671314905;0.1527234242012925;guasto
50;0.036062063671314905;0.1527234242012925;guasto
50;0.038897357639011164;0.1538794967506841;guasto
50;0.035666472276786446;0.15224391178032587;guasto
50;0.041413651288625335;0.15585733332965077;guasto
50;0.038375768521416165;0.15527178602410743;guasto
50;0.03632517123802692;0.15427993180801527;guasto
50;0.039357900043367235;0.1545847045121725;guasto
50;0.036303349467898025;0.15287359329666747;guasto
50;0.03981319751669315;0.15505067950784387;guasto
50;0.03981319751669315;0.15505067950784387;guasto
50;0.04361748834843503;0.15686215838225337;guasto
50;0.0417965567676814;0.15341228903858492;guasto
50;0.03908514613427545;0.1560375665905589;guasto
50;0.04197552252874156;0.1581290614512446;guasto
50;0.039473381820161954;0.15503363104942833;guasto
50;0.03564074002844938;0.15270274297325265;guasto
50;0.037524766059735024;0.1541379354409854;guasto
50;0.040261706061541815;0.1562196518233302;guasto
50;0.03746977251141907;0.15501777170127204;guasto
50;0.032986854267019756;0.15330685462545943;guasto
50;0.03619747107549275;0.1500682111019518;guasto
50;0.036216478854896414;0.15164193871286952;guasto
50;0.038977487842962795;0.15245763365418272;guasto
50;0.035381556336891065;0.15245536017300032;guasto
50;0.03649311621727082;0.15028653644949827;guasto
50;0.03639426031629133;0.1528166864025427;guasto
50;0.035681475430400976;0.15149492864506375;guasto
50;0.03216439406920567;0.15320130102319465;guasto
50;0.03235113076272275;0.15070799568719634;guasto
50;0.03377983182567588;0.15172851623349765;guasto
50;0.032574845986055284;0.15140334943496217;guasto
50;0.03239562513667772;0.15056022862026064;guasto
50;0.03794066590524114;0.1541473570487169;guasto
50;0.03691388304714074;0.15080397432241102;guasto
50;0.035558108111279414;0.1536699812880946;guasto
50;0.03623092125491914;0.15276606730120798;guasto
50;0.03507596943486058;0.15429357379870234;guasto
50;0.036058612336387165;0.15205731163037137;guasto
50;0.03790265222087983;0.15444649533734123;guasto
50;0.03724116494357011;0.1519927095401516;guasto
50;0.037151679564409935;0.1533323888673555;guasto
50;0.036297708097375384;0.1541237810024757;guasto
50;0.03550620351897046;0.15411919723130238;guasto
50;0.03459366535231856;0.15241594979878217;guasto
50;0.03552559229244101;0.15270268875429704;guasto
50;0.03695225794956031;0.1541258019549208;guasto
50;0.03439470830419266;0.15279110206830315;guasto
50;0.039198697575214554;0.15549464085684048;guasto
50;0.03804627843854569;0.1563445063632599;guasto
50;0.041479715334820345;0.1561106049148714;guasto
50;0.039543949343748636;0.15444536742951376;guasto
50;0.040233345953701406;0.15232767937325398;guasto
50;0.03658874385140997;0.15307832179035955;guasto
50;0.035489882184278655;0.15300313919638608;guasto
50;0.03836264437411557;0.1566693711221157;guasto
50;0.03498083996033657;0.15482809795907243;guasto
50;0.03695527254036155;0.15389972356906528;guasto
50;0.03808548502102667;0.15323046453378947;guasto
50;0.038753522627985565;0.15442909631768978;guasto
50;0.04003715118959583;0.15283667639460274;guasto
50;0.03893694428683418;0.15583297633699814;guasto
50;0.03730486100669996;0.15273736811701694;guasto
50;0.036334040417305376;0.1516562470206017;guasto
50;0.03616742587408492;0.1539044916578021;guasto
50;0.032475015491597724;0.15280218960778325;guasto
50;0.03646489896676079;0.1526851371301848;guasto
50;0.03744195555484177;0.15435538901951507;guasto
50;0.039251183306666396;0.15281845908532182;guasto
50;0.03800523037827277;0.15102699760743285;guasto
50;0.03986405278574153;0.1528224715614017;guasto
50;0.038667955700514796;0.1529559618245986;guasto
50;0.037084594637372556;0.15217967072490649;guasto
50;0.03863578183560532;0.15051183055039327;guasto
50;0.04047084823008038;0.15411950182758702;guasto
50;0.035223355876708023;0.15200940222683587;guasto
50;0.03475048201029879;0.15166183673018932;guasto
50;0.03482759400075203;0.15336707870358796;guasto
50;0.031789537911720046;0.15235877331357803;guasto
50;0.03523488558830649;0.15380970628334278;guasto
50;0.03407454119839893;0.15358908743601812;guasto
50;0.032333152161731396;0.15148057603715018;guasto
50;0.03448781917827233;0.15218074011170896;guasto
50;0.03879132506082435;0.15166029614952745;guasto
50;0.03479717160592812;0.1532111091342014;guasto
50;0.0356701911115647;0.150229268128316;guasto
50;0.032405195403974116;0.14934106638389683;guasto
50;0.03192889622897069;0.15032637333642118;guasto
50;0.03443692572601335;0.15121794531559296;guasto
50;0.03476400586974836;0.15307288093402616;guasto
50;0.040319758586738585;0.15558910654163885;guasto
50;0.03745730017828227;0.151866286223298;guasto
50;0.035833689883379545;0.15554628631660014;guasto
50;0.038797270915389453;0.15686214381286442;guasto
50;0.031250389854305484;0.15324636662031088;guasto
50;0.031250389854305484;0.15324636662031088;guasto
50;0.030507228377859585;0.1524229565369657;guasto
50;0.037670617155908005;0.156076030155896;guasto
50;0.0386870513010866;0.15490244831675953;guasto
50;0.03799182968444359;0.1529827508470925;guasto
50;0.035219219826722645;0.15240502963409458;guasto
50;0.03357369369648168;0.15014936646000512;guasto
50;0.033230122520772544;0.15007043483187665;guasto
50;0.0336239463379102;0.15139527358649796;guasto
50;0.03603156658222806;0.15116424689352148;guasto
50;0.036322350378841926;0.15235978421063875;guasto
50;0.03626820919872556;0.15265374159162615;guasto
50;0.03779595253477051;0.15536388275934176;guasto
50;0.03689768044728206;0.15404846370885805;guasto
50;0.0356682326205904;0.1542911727767754;guasto
50;0.03659212135275588;0.1561215195901241;guasto
50;0.0385125951096381;0.15337762207946506;guasto
50;0.03834642079773035;0.15165816062569898;guasto
50;0.04071373973496046;0.15411765457428786;guasto
50;0.03644565834761934;0.15282932720017395;guasto
50;0.037353360003419996;0.15201681335026984;guasto
50;0.03943686678089509;0.1536650468140068;guasto
50;0.034412732241593955;0.14883865649257066;guasto
50;0.034412732241593955;0.14883865649257066;guasto
50;0.03521948761418409;0.15419960781277184;guasto
50;0.03917485844466876;0.15827080581990438;guasto
50;0.03917485844466876;0.15827080581990438;guasto
50;0.03854880609102314;0.15352492908119086;guasto
50;0.03972421146505824;0.15197673500662087;guasto
50;0.04128845033508376;0.15357346159502092;guasto
50;0.03875256852592177;0.15410780246485012;guasto
50;0.03703426447995269;0.15533815230654813;guasto
50;0.03382808452156638;0.1533318959944859;guasto
50;0.03510350007843075;0.15366556198076942;guasto
50;0.03595585749546422;0.1537894437881379;guasto
50;0.034882634801595494;0.1527554279557353;guasto
50;0.03589356952771648;0.1550908465525749;guasto
50;0.033536302739061385;0.15203378725964609;guasto
50;0.03485034629172167;0.14915426926677533;guasto
50;0.03897985914900598;0.15273011372272888;guasto
50;0.03857578109455622;0.14933464003544913;guasto
50;0.036022661088360136;0.15285132962840434;guasto
50;0.03598445698406143;0.1524302337836428;guasto
50;0.035466655177142696;0.15325867249099911;guasto
50;0.03445897492850803;0.1522015695621416;guasto
50;0.03546244568737242;0.1513997966701655;guasto
50;0.03696710951225316;0.1527575995698005;guasto
50;0.038820804778804056;0.1556902678272544;guasto
50;0.035365959773229004;0.15175870229633515;guasto
50;0.037040456787271796;0.1522888173469811;guasto
50;0.03731067730991234;0.15488324726635602;guasto
50;0.03747223320473427;0.15469519259861114;guasto
50;0.0339598922342206;0.1549464956774997;guasto
50;0.034744384877795;0.1534322877836441;guasto
50;0.030949792115612714;0.15016799671135514;guasto
50;0.03432300236571345;0.15250478043462862;guasto
50;0.032912615923642016;0.153941841534285;guasto
50;0.03739714644007197;0.1538397152976602;guasto
50;0.0387805829270845;0.15574544418609212;guasto
50;0.037251415279567525;0.15294702781488628;guasto
50;0.033541713569675224;0.1525724562223704;guasto
50;0.03673649415512055;0.15021270053718694;guasto
50;0.03291015651707933;0.150105463771059;guasto
50;0.03345850991768918;0.15199205897210458;guasto
50;0.03498235643789006;0.15194712093613616;guasto
50;0.03680087814324649;0.1527773331857061;guasto
50;0.03874428060136232;0.153886449975794;guasto
50;0.03440353566798381;0.15307570171344223;guasto
50;0.03485695896897364;0.15121420414861378;guasto
50;0.0414418452155353;0.1559158769381431;guasto
50;0.03446021869489664;0.15086257074990145;guasto
50;0.04002452471584422;0.15865436283593476;guasto
50;0.03467442095370067;0.15322160649437494;guasto
50;0.04099158213505524;0.1568753985080488;guasto
50;0.03777801363931648;0.1529279511544796;guasto
50;0.03868968040189294;0.1581345193156416;guasto
50;0.04082375590261393;0.15545487120901083;guasto
50;0.040330342676518076;0.15338658324277527;guasto
50;0.041371079267703365;0.15398830234280192;guasto
50;0.039084595509873456;0.1530575846555469;guasto
50;0.039863042161709474;0.1569714192918874;guasto
50;0.03711032369058665;0.15042895106589158;guasto
50;0.035809107980343466;0.1522445713808372;guasto
50;0.0361031467826838;0.15083990279981377;guasto
50;0.04475981503383369;0.15820363591595832;guasto
50;0.037061374875858255;0.1534147055606046;guasto
50;0.041831542977269466;0.15426896702311402;guasto
50;0.04236246424927934;0.1554833432913926;guasto
50;0.03520985817394819;0.15493660721891703;guasto
50;0.03618511578178348;0.15687668461179782;guasto
50;0.03136044940219591;0.1534461476101191;guasto
50;0.03808068714949936;0.15513220687318804;guasto
50;0.04128462392072059;0.15353806667266667;guasto
50;0.04077617008821136;0.15569423687716025;guasto
50;0.04643535999805861;0.15268148220658906;guasto
50;0.03802939198424673;0.15111708841652702;guasto
50;0.043359493728778044;0.15070225608205884;guasto
50;0.037203428486423544;0.15088466015566546;guasto
50;0.03526397436662381;0.14987701806297704;guasto
50;0.03778409832783947;0.14983669384928686;guasto
50;0.033331099827948914;0.1516943775695628;guasto
50;0.03312663793087369;0.15222139718281533;guasto
50;0.03674243406869573;0.15487457796234624;guasto
50;0.03649819631763305;0.1531127661213697;guasto
50;0.03576161843918173;0.1532596652039403;guasto
50;0.03349969218209199;0.1523517401873882;guasto
50;0.04086481526194124;0.15392833872120842;guasto
50;0.03561781723780685;0.15334310836941856;guasto
50;0.03736619695123834;0.15081057518560334;guasto
50;0.03711555593227072;0.14958117641973057;guasto
50;0.03556947513119165;0.1499648969253653;guasto
50;0.031316503269660276;0.15143561117530738;guasto
50;0.03298151467093046;0.15076958247428474;guasto
50;0.034149368866148735;0.15459115218924263;guasto
50;0.034584177504100824;0.15172688378560012;guasto
50;0.03315447725481526;0.1523250840379642;guasto
50;0.0319875820359141;0.14979460454856372;guasto
50;0.03824111465058174;0.1506879767596045;guasto
50;0.039133568106010395;0.15011892160903223;guasto
50;0.04108721247099901;0.14857033563847835;guasto
50;0.040680896720432576;0.14975806401621616;guasto
50;0.03955226972208664;0.15290916957403855;guasto
50;0.038017670294741804;0.1550592397127122;guasto
50;0.036445831030708795;0.15460133713773055;guasto
50;0.03533247511514185;0.15529806795970952;guasto
50;0.03537396668277531;0.1531012890772827;guasto
50;0.03346282544397843;0.15271208745177298;guasto
50;0.0328793685928269;0.15490954954263123;guasto
50;0.03787430072382714;0.15380817905866156;guasto
50;0.03447724921163382;0.152371208348324;guasto
50;0.037595541778396274;0.15674294397054545;guasto
50;0.037094257845438246;0.15244205151945228;guasto
50;0.040461318841068836;0.15249097638856424;guasto
50;0.042672244306845866;0.15039791690697496;guasto
50;0.04352738809628393;0.15063652084002616;guasto
50;0.0422129442905277;0.15473640177836176;guasto
50;0.038153629179348725;0.15399781378403143;guasto
50;0.03259645472952509;0.15370201331721967;guasto
50;0.03425416953920919;0.152826421986166;guasto
50;0.0357373208418709;0.15516149228592116;guasto
50;0.03603433488151442;0.15411318837183777;guasto
50;0.03243786585037347;0.1548364153456918;guasto
50;0.03828977818900748;0.15458792681120012;guasto
50;0.03950627480051697;0.1564576534369418;guasto
50;0.03881690325303058;0.15551719092192118;guasto
50;0.03710287179503987;0.15475829910896544;guasto
50;0.03818300314482947;0.15338436481652717;guasto
50;0.04058338037821273;0.1502008965277443;guasto
50;0.03957047951331252;0.14756133617880104;guasto
50;0.03703759935000639;0.15044039056339456;guasto
50;0.03848066440114059;0.15157443495264591;guasto
50;0.030256923136904142;0.15209933135516815;guasto
50;0.031121176316543;0.15414784926575603;guasto
50;0.030862673097975815;0.15543396573671714;guasto
50;0.031795114632023974;0.15344696618905798;guasto
50;0.033841505575443874;0.1516022059404959;guasto
50;0.03934320261404506;0.15739848632121323;guasto
50;0.0375674585477925;0.15182950529061856;guasto
50;0.038991000462333565;0.15243859077163627;guasto
50;0.04304427539314573;0.15458529687963266;guasto
50;0.037455696290949116;0.15133952673946963;guasto
50;0.036693301534976505;0.15242942656620334;guasto
50;0.037007724859742526;0.15418617374828983;guasto
50;0.037360609355241804;0.1552476762247338;guasto
50;0.03678840150244378;0.15628231049674868;guasto
50;0.03375418847033294;0.1510906262894207;guasto
50;0.031209959324768548;0.15436038877417022;guasto
50;0.03550191937512142;0.15495294034899224;guasto
50;0.03373820066675623;0.15375036919199717;guasto
50;0.03131319542943899;0.15075661153714412;guasto
50;0.040307656129867996;0.15405887670198498;guasto
50;0.042264240939348705;0.15618007809735743;guasto
50;0.04457870618734158;0.1545126084610086;guasto
50;0.04395583808593059;0.1514408624216008;guasto
50;0.046099524267188156;0.1552935489138979;guasto
50;0.040486122720889584;0.15426137316820313;guasto
50;0.03439719150232758;0.15181105543035894;guasto
50;0.03834878557538189;0.1553172699503102;guasto
50;0.0349838499459284;0.15381685480315702;guasto
50;0.03623643346163853;0.15345441133767965;guasto
50;0.03888578677851011;0.15773507418813706;guasto
50;0.04029070698409448;0.1573633348057932;guasto
50;0.0377362574940334;0.15734612751032248;guasto
50;0.036237026153126004;0.1546113720795694;guasto
50;0.03503821964710665;0.1570592943039356;guasto
50;0.038119547923371425;0.1530262948170911;guasto
50;0.0374630365691323;0.153585001692912;guasto
50;0.03946726887401277;0.1526645199669305;guasto
50;0.035467356646039304;0.15169179506920968;guasto
50;0.04006112879089128;0.15288978424882566;guasto
50;0.038743002533629375;0.15262923764773095;guasto
50;0.03820394524379175;0.1533764792948813;guasto
50;0.03850449671250825;0.15749983005367835;guasto
50;0.032298653879246846;0.15435067138932262;guasto
50;0.03679069591869047;0.1542879180122127;guasto
50;0.03679396478350955;0.15671260072962795;guasto
50;0.03432754803489309;0.15294316566524802;guasto
50;0.03647854584823924;0.15516693476321813;guasto
50;0.03810619092976621;0.15301073565529688;guasto
50;0.039258893535353175;0.1498164577560624;guasto
50;0.03746669136060999;0.15077197900965117;guasto
50;0.03519885952298367;0.15103789190521072;guasto
50;0.03857538836943879;0.15234406201348782;guasto
50;0.03726334362529008;0.15273329063833335;guasto
50;0.03660312322331315;0.15154773085919507;guasto
50;0.035089497937209065;0.1526215901942425;guasto
50;0.03569037217749768;0.1531805350793809;guasto
50;0.03573360332214359;0.1556094588859387;guasto
50;0.03187923632143132;0.14984042674585482;guasto
50;0.03743503816661539;0.1491735278134409;guasto
50;0.03613192508190482;0.1483447640312697;guasto
50;0.04205312796192446;0.15453473946485433;guasto
50;0.03754826915566583;0.1539754737203004;guasto
50;0.04144206892818921;0.15613422931834994;guasto
50;0.0436616966790918;0.15573129159201088;guasto
50;0.04168570505608889;0.15453314971523252;guasto
50;0.03981389100780286;0.14923197363067006;guasto
50;0.03484405150314703;0.15013302829153974;guasto
50;0.03713711279898332;0.15161192730047862;guasto
50;0.038507624778970434;0.15491290491048107;guasto
50;0.03279740359355226;0.15475801969900357;guasto
50;0.030300956270156353;0.15589836287281006;guasto
50;0.033910994971240956;0.15494350993403416;guasto
50;0.03534797403661368;0.15313796441994976;guasto
50;0.03763189350329503;0.15456076653574627;guasto
50;0.04055517888955396;0.15103928794727808;guasto
50;0.04147690110861388;0.1493023520558759;guasto
50;0.043012227880599226;0.14791958458073723;guasto
50;0.04085239527422997;0.1469236198530452;guasto
50;0.04157919490291352;0.15033875724426413;guasto
50;0.03988951587995454;0.15043489891780282;guasto
50;0.03805261271044836;0.15358571825441894;guasto
50;0.03297875795191362;0.15682366629068215;guasto
50;0.032566404402370734;0.15845130115076533;guasto
50;0.03228545394621056;0.15578974321495992;guasto
50;0.03314693950046817;0.1552391982952859;guasto
50;0.03836449643455391;0.1631970302906881;guasto
50;0.033738367024292365;0.15629735231121544;guasto
50;0.038285918574097536;0.1577217371783806;guasto
50;0.03777869205244953;0.15098433379817647;guasto
50;0.044195478375504214;0.14965140737262678;guasto
50;0.0457954309537742;0.15331468568782705;guasto
50;0.043234415134947746;0.15287565610683587;guasto
50;0.0389543646916316;0.15440663306909191;guasto
50;0.03479050623165396;0.15303932327678887;guasto
50;0.033596580215383726;0.15545001438749984;guasto
50;0.032519400142931455;0.15353778684763772;guasto
50;0.03411232435835274;0.1579864445094788;guasto
50;0.03623979246580326;0.15571406197676094;guasto
50;0.0402417874792162;0.1532455083837891;guasto
50;0.0391646713901288;0.1497581392251631;guasto
50;0.04346100865426539;0.15353877178699357;guasto
50;0.04212058121870343;0.15276787135952127;guasto
50;0.041078481114901026;0.14735248655209365;guasto
50;0.041736467457955076;0.1470039948762697;guasto
50;0.041820243553625985;0.1507198123292677;guasto
50;0.04641275458559863;0.1507636690142734;guasto
50;0.039687335993683806;0.15087063808979922;guasto
50;0.03798909644918544;0.15635911593116808;guasto
50;0.034608454500440096;0.15337233894268;guasto
50;0.04281550784190746;0.15576378649285758;guasto
50;0.03418287672643718;0.15140797746615484;guasto
50;0.03334773106314539;0.1562934132276099;guasto
50;0.030755974137565124;0.15095393218348213;guasto
50;0.035201695959604325;0.15168901357384595;guasto
50;0.03849412679674667;0.15603871771201017;guasto
50;0.03687556254684271;0.14625946947430607;guasto
50;0.046858465517116615;0.15351289463659826;guasto
50;0.037776156296865836;0.1503007633960632;guasto
50;0.0328702978317286;0.14843546190713391;guasto
50;0.033487160164309554;0.15410426929003948;guasto
50;0.032301234973663204;0.1578694284078092;guasto
50;0.03384825483290007;0.1587519597341041;guasto
50;0.03435651957771833;0.15775670218834892;guasto
50;0.02967447893419256;0.15452167057159577;guasto
50;0.0378986885110388;0.15408063137799838;guasto
50;0.03902371457857124;0.1535886152971701;guasto
50;0.042811774293803055;0.14527844460289008;guasto
50;0.04305868901980603;0.150133612629306;guasto
50;0.04995747897313939;0.14427737426893003;guasto
50;0.04358675938567599;0.14969080890991018;guasto
50;0.04384921553197041;0.1539387596873393;guasto
50;0.03682583842315805;0.1550820465373611;guasto
50;0.035822140969625604;0.159051935835893;guasto
50;0.030982857693044194;0.15797634844402073;guasto
50;0.025103632165580123;0.1544576466212473;guasto
50;0.03638064073878402;0.1596317404888368;guasto
50;0.03494125940785462;0.15884165238274156;guasto
50;0.0333498426149562;0.1534105312411286;guasto
50;0.03716937046478715;0.15388154685256764;guasto
50;0.03858624861834546;0.15086782386386488;guasto
50;0.04005484923184736;0.1502415618870476;guasto
50;0.04658934437168392;0.1526863877953231;guasto
50;0.04539821924972663;0.1560071227951748;guasto
50;0.04719860450628992;0.15775471691743828;guasto
50;0.04654167124692923;0.1562579575122768;guasto
50;0.0359053180767499;0.15363913836359372;guasto
50;0.04368256527829446;0.15187466253617896;guasto
50;0.0413326453931952;0.15512464053463484;guasto
50;0.033754737699787006;0.14643722908188353;guasto
50;0.030761959536119956;0.14923390102744313;guasto
50;0.035264903777891675;0.15368116846605176;guasto
50;0.03738043787454118;0.16552266519350245;guasto
50;0.02967879974038624;0.16386662689833206;guasto
50;0.04426593467679128;0.16800359585282001;guasto
50;0.04173989033988611;0.16914116846691726;guasto
50;0.04336351840423526;0.15797095562859326;guasto
50;0.05441580475951965;0.1509791224106256;guasto
50;0.054119169194769404;0.14798948276893517;guasto
50;0.04967052241290861;0.15402914577108343;guasto
50;0.040448249418477536;0.14716344149083949;guasto
50;0.030936150154095544;0.14892724565999008;guasto
50;0.03461816690055737;0.1624248801135932;guasto
50;0.018587947454449576;0.16588817060633587;guasto
50;0.016635929756241015;0.1655585613316585;guasto
50;0.026272727552842396;0.16228406363439363;guasto
50;0.025108748512999494;0.15937375164057924;guasto
50;0.04213717648706266;0.15741237851547063;guasto
50;0.038462403250996445;0.14896477626949217;guasto
50;0.057722938886940835;0.14384516287893545;guasto
50;0.06134390220556074;0.1496032689443667;guasto
50;0.058208515800826956;0.14397361872991823;guasto
50;0.0546474499091955;0.14318897026217228;guasto
50;0.04859169823527017;0.14814378347145732;guasto
50;0.05083928862742657;0.15149659479049868;guasto
50;0.039673416516944005;0.16420094134315105;guasto
50;0.036443858901841084;0.15741016974755628;guasto
50;0.034370971640538664;0.15874444016628095;guasto
50;0.0358183703370263;0.1675784540977586;guasto
50;0.024552973753392014;0.16149498558409708;guasto
50;0.04098732664961905;0.15237396523443245;guasto
50;0.038341245868602894;0.16252547783946927;guasto
50;0.052433653325446195;0.14652104263957516;guasto
50;0.05174228246372425;0.138493027284967;guasto
50;0.05793538963056046;0.14922768000643866;guasto
50;0.04664442917082962;0.13977936898219465;guasto
50;0.03037286417633558;0.14926021676468595;guasto
50;0.02032829835005487;0.15023705355843947;guasto
50;0.03422993060783621;0.16007137313523867;guasto
50;0.028834812341233775;0.1620641068142859;guasto
50;0.05164606181046836;0.15654722007598218;guasto
50;0.039174647731987915;0.15662942755021103;guasto
50;0.04545797075269115;0.14392933393475202;guasto
50;0.019092080245367692;0.15663512352708364;guasto
50;0.03156395716917026;0.16095471855651544;guasto
50;0.04490679162834688;0.16804422537937766;guasto
50;0.04316585562401394;0.14475985256935492;guasto
50;0.038006170889882444;0.16285790661521848;guasto
50;0.04770803782327098;0.14727984307530856;guasto
50;0.052613638620317024;0.14766751977131168;guasto
50;0.0631312817170843;0.162156805918103;guasto
50;0.05768176206848135;0.15668900440693467;guasto
50;0.03303841742643027;0.14257385027794417;guasto
50;0.02762867360913215;0.1460218266849246;guasto
50;0.029268303357557736;0.15201737177638894;guasto
50;0.011687353177851733;0.15913117502511195;guasto
50;0.018161104934151306;0.15825032849072432;guasto
50;0.023526901311169846;0.1563300474013873;guasto
50;0.024894249070098722;0.1514696131501072;guasto
50;0.042580487182168045;0.14871828476073817;guasto
50;0.052904960247619495;0.15515139825093263;guasto
50;0.06438937373705432;0.15320983664367396;guasto
50;0.060221592045192764;0.14502324133780403;guasto
50;0.055662215597521304;0.11236946897243073;guasto
50;0.04841087130833766;0.06290131331710676;guasto
50;0.09095495639928355;0.16671907752699744;guasto
50;0.0606171957259105;0.17663087081119525;guasto
50;0.05526755702999412;0.20761910159466504;guasto
50;-0.01932399940090949;0.18955300857404359;guasto
50;0.03408960113262113;0.21029603245527345;guasto
50;0.020080005557577198;0.1718418817108005;guasto
50;0.023011681487935188;0.13736195865729375;guasto
50;0.08534052908211277;0.13147124607272304;guasto
50;0.08176949644311828;0.15083895515595971;guasto
50;0.07382174513062395;0.1432407819252285;guasto
50;0.051089994291228756;0.1287468394844398;guasto
50;0.058214680265257474;0.15258935401999063;guasto
50;0.03423505164208551;0.15796645994688385;guasto
50;0.06287296669190905;0.1439888408819605;guasto
50;0.05043083996364717;0.16140529260499462;guasto
50;0.03322300041135896;0.1576944878417829;guasto
50;0.01554995219748721;0.16770188253487056;guasto
50;0.0021922703705224257;0.16911709863809432;guasto
50;0.002095530247908564;0.1787451417509478;guasto
50;0.005446686202915755;0.175379431932912;guasto
50;0.006272670520072926;0.1640028963620657;guasto
50;0.055624387838892224;0.1751104077617914;guasto
50;0.04607016590031438;0.15187961703892797;guasto
50;0.04123816931354314;0.1400785272946158;guasto
50;0.06547891007943803;0.1414768613111848;guasto
50;0.05272804572385828;0.1448188194273141;guasto
50;0.06076387577794792;0.1500122032537586;guasto
50;0.07437514429482957;0.17130613248124224;guasto
50;0.02399043948925538;0.15650831311100333;guasto
50;0.03385099937874036;0.15076912141948998;guasto
50;0.016125847167229666;0.16011163534794481;guasto
50;0.02465774641248963;0.17075753790010978;guasto
50;0.046006556095296386;0.18066645240826512;guasto
50;0.015700626700851827;0.1642995441432111;guasto
50;-0.008907042331626232;0.17648801384198365;guasto
50;0.07113412966838606;0.1665209033967925;guasto
50;0.0698768215558814;0.15708401646237066;guasto
50;0.056614634636935536;0.13402841761235357;guasto
50;0.07699166382505448;0.1445198901636168;guasto
50;0.09318754438347941;0.14414573072156028;guasto
50;0.09161402116720117;0.15255199751274054;guasto
50;0.043519132451651024;0.1489291837050152;guasto
50;0.040958829028818276;0.1572926015258917;guasto
50;0.04568547583105203;0.16541025456907757;guasto
50;0.07994638865684267;0.14404201395671798;guasto
50;0.021113651404462298;0.1227503561032688;guasto
50;0.01583085885719372;0.14946888134055836;guasto
50;0.03310921720656238;0.15872464311961956;guasto
50;0.009539256951674416;0.17118756990189568;guasto
50;-0.01920356433344238;0.1556940091557778;guasto
50;0.0012805495686869423;0.15675131461970562;guasto
50;0.042330286640242354;0.16774007209251676;guasto
50;0.04199319675929224;0.1598118474495791;guasto
50;0.08978724516235291;0.15508782386301986;guasto
50;0.09786252021083945;0.1381495440039716;guasto
50;0.06320407664942236;0.1277817406445856;guasto
50;0.05026910300560474;0.13972071504221673;guasto
50;0.037741652221576945;0.13757840365151422;guasto
50;-0.014489976856877224;0.1381098913213922;guasto
50;-0.02869651551481967;0.11515942372806498;guasto
50;0.032560156406510464;0.20394064136736856;guasto
50;0.017341906262601105;0.1780310177157739;guasto
50;0.030114288020370406;0.16324559230014052;guasto
50;0.04494658725654854;0.13794955752119784;guasto
50;0.04063290496955957;0.1832097499950682;guasto
50;0.03291283182698572;0.1440988711880799;guasto
50;0.062243048898162665;0.10633964297837943;guasto
50;0.11341195169965997;0.1531153629153286;guasto
50;0.10341171340422316;0.1597781237528957;guasto
50;0.0741318969702295;0.14411873889787422;guasto
50;0.03855219608452827;0.1751776894432277;guasto
50;0.05900132841112859;0.23048854074393205;guasto
50;0.0036233648072878126;0.22647882646908443;guasto
50;-0.0027512650971452343;0.14848388569020807;guasto
50;0.07233346445407521;0.11783671096553866;guasto
50;0.07421409150419842;0.15028453042406817;guasto
50;0.03191749135606583;0.10660695151922067;guasto
50;0.051631806227343306;0.18374631707067068;guasto
50;0.06830003147398137;0.18101262488319586;guasto
50;0.021625756043646426;0.15435323360272424;guasto
50;-0.023698353196383037;0.10742995046064124;guasto
50;0.06804656984593313;0.12169448021750562;guasto
50;0.042809382440773154;0.1722742068641709;guasto
50;0.03770557256307074;0.15548069854766464;guasto
50;-0.01426668212960941;0.15759054594723412;guasto
50;0.007884623394173144;0.16085292122685999;guasto
50;0.03318994139277402;0.16253193160351515;guasto
50;0.0852856468016141;0.1003148694295375;guasto
50;0.13351890705153185;0.1518087468686711;guasto
50;0.1104016423211638;0.13726521230634647;guasto
50;0.08379791958372812;0.14182472841767108;guasto
50;0.05092837315323167;0.14394952982970408;guasto
50;0.022520947887163818;0.1488063512163252;guasto
50;0.112033973777158;0.18013409492667584;guasto
50;0.03175926754231068;0.14395339195946538;guasto
50;-0.008986631957249422;0.13070283179619305;guasto
50;0.045249644503701954;0.12661388451983563;guasto
50;0.016316320111304333;0.16211070254767693;guasto
50;0.06709464863088427;0.13311779864887638;guasto
50;0.021701412455364055;0.12146843176704412;guasto
50;-0.011739951253817646;0.18377156715725038;guasto
50;0.01784676245767224;0.1855487632884738;guasto
50;-0.03909278502379681;0.16349682942434654;guasto
50;0.023340992705277498;0.17902940394183456;guasto
50;0.08980090671161085;0.21712763935316576;guasto
50;-0.013816078908266284;0.1637976428659918;guasto
50;0.10558769764428169;0.1772827159301915;guasto
50;0.1412395995759156;0.22104169325880355;guasto
50;0.003057346674765658;0.06529219563639437;guasto
50;0.12652856554636044;0.13235472094629655;guasto
50;0.12336302313815604;0.08059599303741943;guasto
50;0.0772823664757024;0.0867229317379364;guasto
50;0.02892454748859167;0.11722093013017698;guasto
50;0.07173482103306196;0.15268063472046414;guasto
50;0.052576948171154124;0.27075598133209217;guasto
50;0.03062773107334904;0.20486445215788726;guasto
50;-0.08544032406496499;0.14659672840809573;guasto
50;-0.04705624181319241;0.1533818238924641;guasto
50;0.07843693148535577;0.1716865683195509;guasto
50;0.05283494485327023;0.14341981202522855;guasto
50;0.054804986889294555;0.13397101137281914;guasto
50;0.03296850521854589;0.1309479060734619;guasto
50;0.06524868095600878;0.17139084421096515;guasto
50;0.043949036849440036;0.15217192889264133;guasto
50;0.033234950113120464;0.12746938027310614;guasto
50;0.04163570788519684;0.16171380513743053;guasto
50;0.04662275070249875;0.15391373500525157;guasto
50;0.10656372606789513;0.1935260225146941;guasto
50;0.09517680173620027;0.14412660712346442;guasto
50;0.12027022878003754;0.10208195031868471;guasto
50;0.10173327932562694;0.07128670150046311;guasto
50;0.0388647044360728;0.07520574917453948;guasto
50;0.061775624410168845;0.13041183955463256;guasto
50;0.0860609806525013;0.18508502817737948;guasto
50;-0.014094813795180005;0.18231614541727506;guasto
50;0.013041495462679333;0.17920467091084644;guasto
50;-0.008984313230665337;0.1893078961042351;guasto
50;-0.020149236891966453;0.20571715700009208;guasto
50;-0.048251989353834186;0.18082066260609678;guasto
50;-0.08948386763036159;0.10199929615633713;guasto
50;0.007902468551433863;0.1387873098092098;guasto
50;0.05302379053126167;0.1480381614316779;guasto
50;0.0803588223408329;0.14277682893010626;guasto
50;0.0887354119328371;0.11613968311880003;guasto
50;0.1377471593865686;0.15112241631989962;guasto
50;0.10723844016568138;0.10474134659889266;guasto
50;0.1587443100153513;0.1029878821110207;guasto
50;0.08479951748305081;0.08617075531802271;guasto
50;0.01436952469169893;0.11517108574019809;guasto
50;0.03182471299057665;0.22494386950591952;guasto
50;-0.05213301538107584;0.1629462960239234;guasto
50;-0.1223945142694111;0.10168424406261752;guasto
50;0.013340662980890131;0.1862344779269104;guasto
50;0.047378805574761144;0.15166950767076715;guasto
50;0.02818450406325553;0.17969435870624897;guasto
50;-0.03211007571873734;0.17749779172092395;guasto
50;-0.04885775356026537;0.25700572513246317;guasto
50;-0.11697460434160302;0.17644227540091162;guasto
50;-0.11697460434160302;0.17644227540091162;guasto
50;0.14591646459013874;0.1101166197537863;guasto
50;0.23629808465999835;0.17889651733686232;guasto
50;0.1391064125701577;0.11262232750754872;guasto
50;0.2430689063365862;0.16463256330305875;guasto
50;0.10094339846150803;0.05608931219734927;guasto
50;0.056934542949143144;0.09399429437131082;guasto
50;0.13652655555846624;0.16859897349150657;guasto
50;-0.11614195031509085;0.16325219866219334;guasto
50;-0.05090489446876237;0.2089335318692853;guasto
50;-0.172479634371031;0.12589323560908372;guasto
50;-0.04741175295547673;0.22270945564168665;guasto
50;-0.048521055266321375;0.1343703520986447;guasto
50;-0.05753021269496333;0.18745433691922606;guasto
50;0.06385518352522146;0.03660181907718954;guasto
50;0.08032728964324053;0.09603647770906404;guasto
50;0.26560243253949456;0.19085887032597715;guasto
50;0.16582150306958277;0.09376196680447522;guasto
50;0.10782062381740389;0.11022859264068889;guasto
50;0.21209642235068663;0.14336905739645167;guasto
50;-0.022121344125834736;-0.011953679634861243;guasto
50;0.0019494574906078843;0.17214774967243093;guasto
50;0.011248071861713668;0.17403515981466539;guasto
50;-0.13674884123091516;0.20782129572290184;guasto
50;-0.07592903372843057;0.1654140925095924;guasto
50;-0.06688544029573043;0.22837859429293159;guasto
50;-0.08381519838812967;0.12149415446870669;guasto
50;0.11205521275513437;0.17315505169851475;guasto
50;-0.04825149885217631;0.14336363338769634;guasto
50;-0.06528051727424597;0.23176566654618155;guasto
50;-0.0377786282374731;0.16980477958683743;guasto
50;0.08083127716118398;0.10830391456801716;guasto
50;0.01751492862260009;0.09933371572019944;guasto
50;0.24635206000247592;0.2048299101456223;guasto
50;0.24458641783479104;0.08943513218515978;guasto
50;0.19071539419718958;0.042371728423033765;guasto
50;0.10459749986411113;-0.059250399998040014;guasto
50;0.12384062259032705;0.11037565415473945;guasto
50;-0.09184155471521166;0.16387673312565953;guasto
50;-0.10319102554507609;0.18065809937561594;guasto
50;-0.20839587051053504;0.11920123852378002;guasto
50;-0.11498448512876969;0.2345814094767006;guasto
50;-0.1264285072344104;0.16373322588837785;guasto
50;0.050207013397784966;0.20971212969367026;guasto
50;0.18811411720805163;0.27906639677166734;guasto
50;0.10352986920351218;0.16795896099194288;guasto
50;0.08213418188368994;0.08997967442386515;guasto
50;0.17075154482653643;0.09837534090411004;guasto
50;0.2557260098896776;0.07073837752730952;guasto
50;0.18264200685231963;0.0611233099369807;guasto
50;0.14756509244316587;0.07451310229218415;guasto
50;0.08770624771353502;0.139088938578998;guasto
50;0.08770624771353502;0.139088938578998;guasto
50;-0.1360816641396267;0.18333843870089375;guasto
50;-0.1360816641396267;0.18333843870089375;guasto
50;-0.15074959955419082;0.20825286462059092;guasto
50;-0.1572844223849005;0.11453380517646423;guasto
50;-0.04103341196371224;0.17932966022014551;guasto
50;0.05000733392735838;0.15829954246648514;guasto
50;0.18258448442316721;0.1774314499176212;guasto
50;0.2914293381876635;0.16005596174373843;guasto
50;0.33348303017366027;0.13806318285511054;guasto
50;0.016036963161995085;-0.045974555889152294;guasto
50;0.18722569777155942;0.0747629063316585;guasto
50;0.07081117401536666;0.14681461344558802;guasto
50;-0.02100913368142267;0.13727888241758682;guasto
50;-0.011807043239286719;0.10021910940802997;guasto
50;-0.03637680955038161;0.16439255344494802;guasto
50;-0.10478793689451259;0.2610765887072924;guasto
50;-0.12994043097247876;0.21210586709188467;guasto
50;-0.087768752267049;0.19471826364157935;guasto
50;-0.04749781481604316;0.15650300143129978;guasto
50;-0.02850172562708361;0.13184843020565082;guasto
50;0.2521705027437688;0.10052813953252429;guasto
50;0.16742278554708342;0.09874713606984782;guasto
50;0.2339737652571963;0.040302339273096316;guasto
50;0.3912037107787066;0.13483203802771995;guasto
50;0.14327971424793384;-0.015532386187769432;guasto
50;0.12366470560863824;-0.06344359901156546;guasto
50;0.16174348241876857;-0.005249750294457636;guasto
50;0.0632976507982275;0.045098467010350196;guasto
50;0.05386907651712662;-0.014925406227950288;guasto
50;-0.14992757994159334;0.1000852917632661;guasto
50;-0.03256298573915359;0.14695245561294373;guasto
50;-0.08532400839958595;0.3657380372392727;guasto
50;-0.21925158444947546;0.33231834912482505;guasto
50;-0.15995315604506685;0.2669057604805772;guasto
50;0.026311990684047354;0.19417043401241516;guasto
50;0.21107097696477084;0.13913883271150645;guasto
50;0.4655081993060412;-0.028987566117139804;guasto
50;0.3994736156340937;0.0015792050861809328;guasto
50;0.3111845732863292;-0.0349530279172837;guasto
50;0.2163890129254431;0.06618260855410409;guasto
50;-0.0392634571215791;0.13553559753307914;guasto
50;-0.10275345186771698;0.3671187347613538;guasto
50;-0.29367087461217817;0.3735959331405248;guasto
50;-0.32027263987351395;0.32304146865433325;guasto
50;-0.17706168348477266;0.3748085634548104;guasto
50;-0.13256003888640944;0.2652999524704171;guasto
50;0.024622670118642925;0.03305148434665885;guasto
50;0.11245746176171342;-0.030778719668643095;guasto
50;0.4053321171876685;-0.2610201551134436;guasto
50;0.5747205604694713;-0.08983387259003003;guasto
50;0.4476543776483665;0.15549076796442715;guasto
50;0.2066544386539087;0.17516838402460447;guasto
50;-0.27392289572876466;0.18266382129515848;guasto
50;-0.2455607556098117;0.3210503072035242;guasto
50;-0.11611042364942975;0.3299650861964413;guasto
50;-0.10604032031396914;0.21204219209770558;guasto
50;0.16031740214745252;0.21781865837861822;guasto
50;0.09993382550855238;0.08895634376224808;guasto
50;0.010404726400776275;-0.027121088486166154;guasto
50;-0.006309605571802343;0.13996798205196198;guasto
50;-0.14518507031366237;0.13272872914101858;guasto
50;0.053520436432431845;0.14132450885125666;guasto
50;0.22165178750189424;0.1135006389163976;guasto
50;0.3450744041752148;-0.040052137441416065;guasto
50;0.405535893323327;0.04176974478879174;guasto
50;0.2379889508767082;0.007369061599785647;guasto
50;0.01521056602107742;0.23786832447592493;guasto
50;-0.061964840033948664;0.3863027463481847;guasto
50;-0.2902621295925626;0.2933886702214037;guasto
50;-0.21030130485645118;0.2018145487105536;guasto
50;-0.12196198349583666;0.18566099610373912;guasto
50;-0.06386646744290904;0.15572697829875987;guasto
50;0.19242656451896573;0.124650413017358;guasto
50;0.3090725609487174;0.24942379505864967;guasto
50;0.2603164751145269;0.18144898481696656;guasto
50;0.16434996304911847;0.14194831853141787;guasto
50;0.14248649185367693;0.035272758250718385;guasto
50;0.1356192610603025;0.0629676071636684;guasto
50;0.011971670562195603;0.03840012545448522;guasto
50;-0.04316073797485272;0.15384888877482653;guasto
50;0.10192461001807447;0.22450329353232712;guasto
50;-0.09190898884368336;0.10828750218601789;guasto
50;-0.09739059159609499;0.05065403006243547;guasto
50;-0.08436185201208442;0.14766839637636203;guasto
50;-0.02110379564059615;0.16513525327802128;guasto
50;0.04346936763136455;0.10351650142866936;guasto
50;0.15386900751011245;0.07005472745515286;guasto
50;0.24841514862863157;0.16183711440097942;guasto
50;0.2034225337563737;0.015340410242836094;guasto
50;0.109295836868179;0.07735681885461897;guasto
50;0.12953028957784662;0.06903532356121926;guasto
50;0.015358211374946865;0.04759002642886674;guasto
50;0.10657571115526428;0.08543456567090785;guasto
50;-0.11988927264591558;0.1038339591253628;guasto
50;0.0567789464973544;0.32547906062061005;guasto
50;-0.03780440578888925;0.28905809860533216;guasto
50;-0.12790296711459467;0.27207016366107767;guasto
50;-0.06958776448203957;0.20581371066748735;guasto
50;0.05593300929300781;0.20190139891264616;guasto
50;0.14384927474421294;0.14152293306918487;guasto
50;0.19774202222340367;-0.09798127073437041;guasto
50;0.34530104808304674;0.002544615609018595;guasto
50;0.3268081401008163;-0.029241469630480257;guasto
50;0.1283029035248457;0.019446118972511684;guasto
50;0.003040995137157921;0.08981229058362203;guasto
50;-0.013942273243310318;0.31176829427021646;guasto
50;-0.16375955314369356;0.300360107282834;guasto
50;-0.15021132437273893;0.33565267596899645;guasto
50;-0.16517846084387452;0.19183929370890254;guasto
50;-0.00828804295232149;0.208192372794029;guasto
50;0.04422061372505981;0.04741356378298814;guasto
50;0.26452071834064184;0.14359229567519288;guasto
50;0.17700498559299846;0.009720192586585682;guasto
50;0.3979805674591791;0.1067129621540483;guasto
50;0.22108307168596172;0.07644054836195191;guasto
50;0.08828072222216178;0.13907717800960576;guasto
50;0.0013039497605056168;0.16626234149989752;guasto
50;0.05622835806158937;0.2180304170570986;guasto
50;-0.2942757868909919;0.26749118646247033;guasto
50;-0.1617933882707714;0.3053051574491437;guasto
50;0.027118050805435667;0.2513715664506233;guasto
50;-0.1253683762927741;0.18530638995915977;guasto
50;0.08128692186448697;0.07051674131070862;guasto
50;0.3222004591765717;-0.029235017872557872;guasto
50;0.36786578950714494;0.030543619501259164;guasto
50;0.45891297963001604;0.17365045658503944;guasto
50;-0.04246266379144511;-0.06043752352399657;guasto
50;-0.09338238276130248;0.05224263465189432;guasto
50;-0.04162997249852308;0.10099257013572649;guasto
50;-0.05669687086524749;0.14770598086940384;guasto
50;-0.11018805351002994;0.22674800491724187;guasto
50;0.25796445642579846;0.2832891780503777;guasto
50;0.08394817518799941;0.42683906013712164;guasto
50;-0.19056225951926933;0.0713275774088976;guasto
50;-0.1666911126061283;0.06016617090286108;guasto
50;0.09261495331880346;0.025485452848419;guasto
50;0.3743375458426591;-0.008885860674156351;guasto
50;0.36180594738868005;-0.17495021894321883;guasto
50;0.40308151501006917;0.040465991646891006;guasto
50;0.2132385478564906;0.18526660260873687;guasto
50;-0.12685402692973524;0.2536613931994907;guasto
50;-0.3679203462783193;0.30567561158998446;guasto
50;-0.3804541767490779;0.336763521097806;guasto
50;-0.2290556773822419;0.26702339371492095;guasto
50;-0.055434163868640356;0.2577086508733656;guasto
50;0.05842848997575469;-0.11051651476110042;guasto
50;0.4125225279577644;-0.15155436547473683;guasto
50;0.6064677861006628;-0.00889310830502525;guasto
50;0.479327407510948;0.22396569369092637;guasto
50;0.09381657618686953;0.2097306985983132;guasto
50;-0.21307381282537;0.2568516907100128;guasto
50;-0.1380605798972899;0.37122333885689185;guasto
50;-0.19506255556235227;0.1427920184274489;guasto
50;-0.1579849217586068;0.003308339499388383;guasto
50;-0.03225212793588753;0.1433071921829952;guasto
50;-0.012034554525096155;0.26662151208457185;guasto
50;-0.13361225661247178;0.1608818119278226;guasto
50;-0.10031014590924685;0.017658879403116945;guasto
50;0.32984019325012653;0.01760843385184063;guasto
50;0.49670607099340514;0.043561088372880724;guasto
50;0.46354878950858464;0.1707657912644825;guasto
50;0.16718732580457654;-0.0012344730479209364;guasto
50;0.1266607562868632;0.1020588738036622;guasto
50;0.1274154702295256;0.15673043133360026;guasto
50;-0.1543720928484734;0.05863134417079286;guasto
50;-0.2630834840028447;0.1017663942843758;guasto
50;-0.12169850077132015;0.16508179937774173;guasto
50;-0.08528788535925969;-0.018623933943137327;guasto
50;-0.03783657061430649;0.17805853524185833;guasto
50;0.350184765965912;0.09274262548178815;guasto
50;0.23519965414712485;0.20851777357895687;guasto
50;0.11234672039343517;0.2978358962383299;guasto
50;0.12919215922735902;0.217408358354329;guasto
50;0.1957903518659019;0.012045730655606095;guasto
50;0.016269988611431467;-0.06102195221352337;guasto
50;-0.05284336098685533;-0.07947145239586965;guasto
50;-0.1416486189051654;-0.0664065643796588;guasto
50;-0.05723858397477961;0.23747805473270223;guasto
50;-0.14074376838575264;0.16027998228327991;guasto
50;-0.21470303241402253;0.03266006352127264;guasto
50;0.2393370385507861;0.31586110330912326;guasto
50;0.409691365980459;0.35251540374605095;guasto
50;0.28248812637309023;0.18823994658901136;guasto
50;0.19241198118213207;0.09844072440734823;guasto
50;0.218606618927097;-0.024242736664887868;guasto
50;0.15708248973488206;0.0012794775917540754;guasto
50;-0.005786004898196842;-0.059517512906997055;guasto
50;-0.057541273274762925;0.17518358276324655;guasto
50;-0.002865660940913962;0.2249101176065935;guasto
50;-0.2521068288376607;0.1999671460211715;guasto
50;-0.35100610251592745;0.211616928371243;guasto
50;0.24921292246770213;0.08477567510700794;guasto
50;0.2911092641254606;0.16695416611894864;guasto
50;0.35558088274355826;0.14322804071813383;guasto
50;0.034493250212674506;0.030991905467262864;guasto
50;0.23534398516881366;-0.08077946141236378;guasto
50;0.2048644741580406;-0.05147228974488872;guasto
50;0.084720313569077;-0.09725874921802867;guasto
50;0.06872482962972729;-0.1319734440317035;guasto
50;0.09979750443739009;0.1437891952531586;guasto
50;-0.20141683758838588;0.41130376336440083;guasto
50;-0.14104887094918003;0.30242386938221716;guasto
50;-0.0023712165933356256;0.17703971201101903;guasto
50;-0.041085758391034684;0.161307560866623;guasto
50;0.16876473158406377;0.10376543460075384;guasto
50;0.2642639409474394;0.04161773887210007;guasto
50;0.1648749565437402;0.18049774165404373;guasto
50;0.01997115329507822;0.08692307927917642;guasto
50;-0.05743645112596316;0.15213954703000446;guasto
50;-0.006208766788272938;0.14641354788491473;guasto
50;0.08573740392128232;0.09013182474139726;guasto
50;-0.09730057475468325;0.19184492003263626;guasto
50;0.12955044324557433;0.2583037071415465;guasto
50;0.1796215878252328;0.19468604619852234;guasto
50;0.14612660620896797;0.0672190051697221;guasto
50;0.22312685500393556;0.01762729036273472;guasto
50;0.2672119681235715;0.10034738942383085;guasto
50;0.054754476696206075;0.1809145361397767;guasto
50;-0.23377885148220728;0.27843865957580805;guasto
50;-0.2722798900608473;0.22388383755405242;guasto
50;0.12446597012031921;0.2877502131684298;guasto
50;-0.11340256476281403;0.11952372328803004;guasto
50;-0.10033110390197862;-0.13381573676536435;guasto
50;0.14639389753873153;0.08868652907558905;guasto
50;0.3580745241415197;0.030524532175866054;guasto
50;0.07703740278321;-0.201275423702393;guasto
50;0.3897987602488096;-0.09997176823729523;guasto
50;0.2872511020450931;0.12749142395748844;guasto
50;0.0773358344001721;0.5044170829635052;guasto
50;-0.113691031826488;0.6754347115423317;guasto
50;-0.46784299309541283;0.37161233971866703;guasto
50;-0.39646757716240383;0.1373513764078561;guasto
50;-0.18865448815736843;0.1624571357993767;guasto
50;0.2438651975993144;0.026250543984562794;guasto
50;0.39341532817057956;-0.05111907509748344;guasto
50;0.4261253073807621;-0.06678277564920808;guasto
50;0.332647070364235;0.28407030227860014;guasto
50;0.28047624351931466;0.22310615856363583;guasto
50;-0.13384050370076503;0.27364021398212524;guasto
50;-0.390772210726847;0.33957265765924094;guasto
50;-0.15105682632656126;0.2812794238588254;guasto
50;-0.05220643907080648;0.08006125161078945;guasto
50;-0.011477731493101483;-0.041418174573679335;guasto
50;-0.0018623576038807195;-0.1177137300157725;guasto
50;0.31212782397224714;-0.03101561990447605;guasto
50;0.37517413532169525;0.12468958951787226;guasto
50;0.4419709904086803;0.2792459138929167;guasto
50;0.22826426908830308;0.30204373750889785;guasto
50;-0.032923247390296145;0.24667661891011222;guasto
50;0.08366816549453347;0.2809688007749324;guasto
50;-0.30092624240843757;0.019656249488619378;guasto
50;-0.10229894201497845;0.16708954726468994;guasto
50;-0.07990863670729711;0.09162657249990616;guasto
50;0.006975282260642501;0.026008127043184056;guasto
50;0.16595597091190262;0.06240017338898395;guasto
50;0.12500458407470622;0.14278478281451054;guasto
50;0.3811014868235254;0.24352475386607714;guasto
50;0.24726602449702897;0.22338135244614893;guasto
50;0.15685596262097637;0.23645054633688162;guasto
50;-0.03899012044633947;0.17487048751624223;guasto
50;-0.1262143012212019;0.02234163867884069;guasto
50;-0.01703623642233202;0.09589371134542031;guasto
50;0.07838765603868092;0.1254352394615704;guasto
50;0.11422586677155452;0.07151230855433338;guasto
50;-0.06800773237425595;0.00211111398302119;guasto
50;-0.00860005325590502;0.14157642091206474;guasto
50;0.3158017026368376;0.21914998390997956;guasto
50;0.23997741283247065;0.20616559017225447;guasto
50;0.2727961106154722;0.17310582190190965;guasto
50;-0.07663606907540946;0.2393639736399853;guasto
50;-0.22750557916025868;0.2634833551000455;guasto
50;-0.179401404012406;0.19667097525680147;guasto
50;-0.00425298887979111;0.10370541528763455;guasto
50;-0.14738478817305845;-0.1627766506681247;guasto
50;0.011174010562755335;0.012443868011045123;guasto
50;0.3564498442583936;-0.014086189512379851;guasto
50;0.31099687443626506;0.2825196016444285;guasto
50;0.20321270948772588;0.11551815993035723;guasto
50;0.09460232837208994;0.24919354119032577;guasto
50;0.06321046316077299;0.24973342533401008;guasto
50;-0.07626612414615619;0.25584019264741054;guasto
50;-0.2574594886437829;0.029514769506092928;guasto
50;-0.057155898939960266;0.05993325670036489;guasto
50;0.08246244531128424;0.24621756828529834;guasto
50;0.015613529309334863;0.2326916532822845;guasto
50;0.029832239519500602;0.12019027754106282;guasto
50;0.01693473115170361;0.14465963984149768;guasto
50;0.2534622690293682;0.21673910216768305;guasto
50;0.23398128567706197;-0.005518938687269263;guasto
50;0.3727783069754724;0.17682879958490422;guasto
50;0.14535683189190501;0.25795247449466324;guasto
50;0.004379961986998796;0.21890185898038658;guasto
50;-0.05247240480548546;0.11952434551844109;guasto
50;-0.12489655607022401;0.19166396002486036;guasto
50;-0.051997892166547675;0.19790828193537333;guasto
50;0.21902318124707132;0.026859903321640562;guasto
50;0.011852240093401196;0.045528757019759517;guasto
50;0.3531380660117647;0.2833586702993351;guasto
50;0.14563584911697397;0.11498315415889596;guasto
50;-0.09166371955816885;0.22168745747371724;guasto
50;-0.22942463529089452;0.23096075123272483;guasto
50;-0.017548206922452007;0.21161579129733374;guasto
50;-0.21242257644630097;0.022927887684394174;guasto
50;0.07759361228535869;0.10933047833167923;guasto
50;0.07800834582637468;0.2106977286142041;guasto
50;0.05175986930961645;0.050547071162016434;guasto
50;0.1612265931634717;-0.07571420377156356;guasto
50;0.3701073314357051;0.02214868194529106;guasto
50;0.2829557353234312;0.34088367940488695;guasto
50;0.32704487583907277;0.5341398820449813;guasto
50;-0.41072276524591744;0.1497630085207437;guasto
50;-0.21253933609804343;0.23348165926691367;guasto
50;-0.16676234320695807;0.11218061797430295;guasto
50;-0.09921680619683983;0.05729049478011313;guasto
50;0.048317839814438206;0.0538363698564793;guasto
50;0.22184549411172697;0.019802244379644347;guasto
50;0.3703835923041061;0.14664757037692402;guasto
50;0.23538303105654865;0.1811436941963213;guasto
50;-0.04020247226156927;0.31956636617327555;guasto
50;-0.0842127085971863;0.28151029750747714;guasto
50;-0.10199915360228345;0.218448113448065;guasto
50;-0.15044341366863903;0.09730551361633091;guasto
50;0.01383409523277877;-0.017938047901785513;guasto
50;0.07773818054662264;0.030569432044194864;guasto
50;0.2936370486721195;0.06876841896612298;guasto
50;0.15447474913998743;0.03506877856697938;guasto
50;0.3112895575188125;0.2148675142482581;guasto
50;0.11760318716914625;0.27233613234685855;guasto
50;-0.27045841981553115;0.30289521523581514;guasto
50;-0.034793510084682545;0.37925261534966787;guasto
50;-0.10808147573186229;0.1921375482958829;guasto
50;0.07229155319984781;0.19162484057003626;guasto
50;0.09270661875552162;0.16757152834006767;guasto
50;0.24730088948345313;-0.15338649888088868;guasto
50;0.3610428629421299;0.020530471564650214;guasto
50;0.0434555165469164;-0.04257166136911466;guasto
50;0.36742118255228257;0.18165544333170644;guasto
50;0.09291640103911389;0.31303445614220504;guasto
50;-0.11321348259355965;0.26225437953645236;guasto
50;0.03973142043082299;0.4245845503187897;guasto
50;-0.22266231357698302;0.2909554835094359;guasto
50;-0.19604768340970113;-0.0044330994656523025;guasto
50;-0.04330305748408292;0.15801663070704228;guasto
50;0.1940315119700157;-0.0766862682747295;guasto
50;0.33914652628430625;-0.08346518476030124;guasto
50;0.30437878442929334;0.0013325741561141418;guasto
50;0.00018457862061329743;0.21753511166474662;guasto
50;-0.06807690289790343;0.23305097560330248;guasto
50;-0.011284189443527241;0.36150693265784045;guasto
50;-0.032527467365986815;0.29654050943311483;guasto
50;-0.1867395500755001;0.059460867347241514;guasto
50;0.16520811886502826;-0.11860536368455708;guasto
50;0.31560543079577374;0.07725258283566717;guasto
50;0.2969282994892739;0.10901151697580368;guasto
50;0.09196979540083873;0.030571809603016437;guasto
50;0.2216290333072596;0.2307682968210821;guasto
50;0.13084248402330267;0.24888163514808936;guasto
50;-0.028244907741405288;0.11173590925586621;guasto
50;-0.21464180533828536;0.27013186665691685;guasto
50;0.05660695301111667;0.18973864504274085;guasto
50;0.04507961492368471;0.22751795348730894;guasto
50;0.0055456382615635055;0.16308271808957128;guasto
50;0.045533350395588555;0.11502413950341286;guasto
50;0.19209164080886262;0.0301215357125548;guasto
50;0.27890091043020115;-0.1649751516233109;guasto
50;0.11770903773543483;-0.03511445470374455;guasto
50;0.21523970554026;0.4112273817511343;guasto
50;-0.05382355280362006;0.22709324970180983;guasto
50;-0.13945709279375382;0.13323843232630378;guasto
50;-0.20304059603307034;0.20195607880688093;guasto
50;0.029367493372684836;0.09253641127825162;guasto
50;0.07202824189721406;0.04923341414998695;guasto
50;0.4095118078837288;0.1684504611801528;guasto
50;0.252925519711622;0.1735907556306527;guasto
50;0.037221030908775966;0.2308866314780295;guasto
50;-0.09883115006550106;0.32278964147445277;guasto
50;-0.21440716068963891;0.32443334857902467;guasto
50;-0.32267181568133535;0.15370148837748884;guasto
50;-0.019337542556076344;0.20661064749463198;guasto
50;0.10056841293912516;0.0578709631471289;guasto
50;0.37941359259185325;-0.029583990278587567;guasto
50;0.4110925302958483;-0.1452867677782394;guasto
50;0.08449785063642232;0.1842197874589091;guasto
50;-0.07959374378419948;0.0852627080071064;guasto
50;-0.13234252736584703;0.4263997688926586;guasto
50;-0.18935860015528586;0.2547406347329407;guasto
50;-0.12829448611337635;0.1635760862018455;guasto
50;-0.3621509742583971;0.1280760379899146;guasto
50;0.1254262789485585;0.03703595237243153;guasto
50;0.20467917204505265;0.02219834946949885;guasto
50;0.459801808294938;0.10436720920082126;guasto
50;0.17517381361050466;0.13877759215101332;guasto
50;0.02060883059076771;0.08525948111794425;guasto
50;-0.0676946536561645;0.18156174065467415;guasto
50;-0.1338643259777657;0.0928850687093768;guasto
50;-0.2291012022979204;0.17362100434984196;guasto
50;-0.010015401423472204;0.04535079500979679;guasto
50;0.08589275809532781;0.1412027147241119;guasto
50;0.24040429582821152;0.18193908710563578;guasto
50;0.2237322609829956;0.03815920585091029;guasto
50;0.1563816710866308;0.07711631329112459;guasto
50;0.10069545290837621;0.37803701915706045;guasto
50;-0.02936422380234602;0.3762567090288844;guasto
50;-0.3326724736812182;0.10156915396477731;guasto
50;-0.12675807893763838;0.28282527805971847;guasto
50;-0.014659242925544571;0.2872751692873902;guasto
50;0.10504637600551822;0.13254459372035332;guasto
50;0.3373042744841394;0.07655054938626259;guasto
50;0.2562865642246275;-0.001276463216651731;guasto
50;0.05769100821018005;0.06988461621893324;guasto
50;0.17561303434217893;0.022925153441753537;guasto
50;-0.03203534795006448;0.3028866492102348;guasto
50;-0.2462629291995051;0.20670037405221267;guasto
50;-0.08437431850369971;0.20157216730229055;guasto
50;-0.1606035724934237;0.17641209020217083;guasto
50;0.06706899525897894;0.039090430511849746;guasto
50;0.02199058202437478;-0.0021552516851442004;guasto
50;0.0028636527078862986;-0.22343745794231026;guasto
50;0.3054424592886659;0.30322678694157723;guasto
50;0.18459246704600987;0.14637654294812197;guasto
50;-0.0997357333709355;0.05110303536146525;guasto
50;0.03138791810838293;0.2968505872277115;guasto
50;0.017571664759096578;0.18121828526042247;guasto
50;0.02742597788221725;0.2454518264708747;guasto
50;0.2651567646772494;0.01295911033144855;guasto
50;0.22853971759814226;0.09072142568664138;guasto
50;-0.009540393694820683;0.23168712979275832;guasto
50;0.07986191975129205;0.25781544796463596;guasto
50;-0.15865832037645058;0.18335780248932662;guasto
50;-0.048170622429155506;0.1370212502688703;guasto
50;-0.30335300901737944;0.2069944849409403;guasto
50;0.10503752078978372;0.22711514828774704;guasto
50;0.10503752078978372;0.22711514828774704;guasto
50;-0.06886956638258591;0.09264084937338746;guasto
50;0.4687514032656508;0.034969948080394594;guasto
50;0.20894919612256413;0.3048278725548862;guasto
50;0.06426705614076425;0.06891528330300421;guasto
50;0.1956468937315876;0.09097614071782428;guasto
50;0.1309554977592229;0.27391392397469133;guasto
50;-0.10641493464744972;0.14761775767728277;guasto
50;-0.14191507228696626;0.012188690970647127;guasto
50;0.1491749868691241;0.15591977664257886;guasto
50;-0.0947264991416886;0.06061284834305931;guasto
50;0.006409364980031897;0.18712098030558214;guasto
50;0.30158169746515967;0.22273425890702173;guasto
50;0.1343492178011066;0.316910167866354;guasto
50;-0.2417894763693505;0.03464321000815089;guasto
50;0.20105822114743785;0.053552434974702016;guasto
50;0.09808583162770917;0.0901698083429043;guasto
50;0.22829921211214602;0.11444187682804982;guasto
50;0.11429481757398652;0.025438989477602543;guasto
50;0.22460325750545013;0.18686410134019862;guasto
50;0.27381716119375243;0.14463380225748051;guasto
50;0.103586204570844;0.20290247722355642;guasto
50;0.1691492452774287;0.1857480287092994;guasto
50;0.07980103397098338;0.26214197588055954;guasto
50;-0.08639967392718734;0.08004241950011243;guasto
50;0.16981476535980614;0.06199266706954501;guasto
50;0.2063949172261213;0.1751377209889386;guasto
50;0.08948849286393026;-0.05612772158173558;guasto
50;-0.012965349245832711;0.006728268574651404;guasto
50;-0.040225815290845464;0.22558942532186863;guasto
50;-0.10577289978597568;0.21646872343135334;guasto
50;0.0004706808060910624;0.22833766302901518;guasto
50;0.06100718526233566;0.07307105971772203;guasto
50;0.2341425918167098;0.1601069801497462;guasto
50;-1.8473969738230486e-06;0.04565457292619825;guasto
50;0.4057396522150464;0.1747293472788663;guasto
50;0.053477905907273714;-0.01344332131481884;guasto
50;0.0008170103217024723;0.26072749498297454;guasto
50;-0.012434238797828732;0.25910918531197685;guasto
50;-0.05722751211253976;0.06358959670756335;guasto
50;0.10040557747432571;0.18608613888039285;guasto
50;-0.013350104231481374;0.1327160230262024;guasto
50;0.06895036966000671;0.09337229359378439;guasto
50;0.24091731531329466;-0.023233227851070203;guasto
50;0.1357590378318255;-0.011793272077284454;guasto
50;0.06058960693584301;0.14790795197179954;guasto
50;0.027892536442191633;0.2526508560518068;guasto
50;-0.23110471321892423;0.27316961735512063;guasto
50;0.08007043455014205;0.30549690442387867;guasto
50;0.04852848164806557;0.08711568572202294;guasto
50;0.2290104312609741;0.2624145592132901;guasto
50;0.05475802367825522;-0.010045938118940115;guasto
50;0.0010824652229525133;0.025985881996850153;guasto
50;0.2730729022525599;0.28555105766607886;guasto
50;0.1648313513040977;0.18755056938517425;guasto
50;0.18026730957903017;0.19130615984432608;guasto
50;-0.17407955925203467;0.2552485606061507;guasto
50;-0.12511658129083586;0.025811395029959373;guasto
50;0.09141430775152107;0.06253975082394213;guasto
50;0.06921903787597428;0.05409072068962999;guasto
50;0.171022253820487;0.11433098120092636;guasto
50;-0.07609558063960112;-0.13170104655488382;guasto
50;0.01932000527817471;0.27585663943923644;guasto
50;-0.24003871784074643;0.4472295460681124;guasto
50;-0.2752641087745963;0.00043547771481283786;guasto
50;0.07862437823306921;0.08980584076449352;guasto
50;0.2679641243904847;0.22819811472136797;guasto
50;0.09570865535259575;0.15108398475125653;guasto
50;0.18025380997527946;-0.10349853497127608;guasto
50;0.2530021835197074;0.20803712310911976;guasto
50;0.09651002565919461;0.3645128655104452;guasto
50;-0.05823786404251912;0.2983914463429873;guasto
50;-0.002687271063566417;0.23624679456963912;guasto
50;-0.06653516559942611;0.1702193869972744;guasto
50;0.1031695826817871;0.07378795558958867;guasto
50;0.2665719155012098;0.13892905448305237;guasto
50;0.3846971028831057;0.13925060944998727;guasto
50;0.06713501931313715;-0.029977098323201067;guasto
50;0.30041433658699646;0.25063396941440197;guasto
50;-0.14565518754367018;0.138261705183496;guasto
50;0.13257386347674646;0.2193728558661141;guasto
50;0.27942840973852245;0.16278576944114875;guasto
50;0.19399781663217686;0.29890668213006405;guasto
50;0.15880543097723887;0.1066825986333046;guasto
50;0.28593597532955717;0.1851112681418038;guasto
50;0.04969364554979257;0.09975268086484124;guasto
50;0.10507616580847993;0.15329998602747685;guasto
50;0.11297467831214227;0.26218883256422937;guasto
50;-0.13979367408312332;0.142151398765714;guasto
50;-0.015530378514750703;0.19994733916173316;guasto
50;0.005291747866738098;0.3338097483452547;guasto
50;0.05748479063129921;0.11002726426253341;guasto
50;0.16860358069170076;0.12549446800693603;guasto
50;-0.06854479567429957;0.09229012989476068;guasto
50;0.45065393826788025;0.4650113154302031;guasto
50;-0.020094030424602838;0.09169382931165079;guasto
50;-0.08462702981493316;0.40277563268529265;guasto
50;0.18871360188571853;0.4495954612974089;guasto
50;-0.060271469634484515;0.06753340394866926;guasto
50;0.006717649781729793;0.1441089123835273;guasto
50;0.47418841824726454;0.3323505600373668;guasto
50;-0.015931535289826663;-0.0292151947347964;guasto
50;0.44047620084757705;0.3476823326573558;guasto
50;0.06004038091207689;0.05665085023144213;guasto
50;-0.03471090880293776;0.06248783492044326;guasto
50;-0.02534479961913071;0.051186870826094605;guasto
50;0.13522765335619086;0.3024191908669115;guasto
50;0.20221894349983505;0.0540884053463531;guasto
50;0.10559632901717375;0.030899280860535092;guasto
50;0.04202097755110726;0.14269538740181922;guasto
50;0.23332336640566584;0.1621525778289596;guasto
50;-0.16119186839144653;0.164729552796599;guasto
50;-0.08587892714118385;0.2468724334344601;guasto
50;0.12223533018653496;0.12642565248432758;guasto
50;-0.11915268839930353;-0.00649648422748206;guasto
50;0.049077515503619634;-0.07843169083098815;guasto
50;0.4280152033916086;0.026379130580447614;guasto
50;0.5641232168376853;0.29278817875138313;guasto
50;0.05161500296683722;0.07243537045601242;guasto
50;0.09968848113893043;0.20571888301804453;guasto
50;0.07965810421476284;0.24580545942035822;guasto
50;-0.0008574238343126767;0.11148939366221179;guasto
50;0.19712001564943435;0.07730740686981008;guasto
50;0.12049844248918415;-0.028650160264526763;guasto
50;0.018295663836803807;-0.016973756976660176;guasto
50;0.1887863444741721;0.12803218755709478;guasto
50;0.1583878027633956;0.24595314230866888;guasto
50;-0.07797712075770594;0.07819364316514368;guasto
50;0.19685790486083632;0.17261090064365114;guasto
50;0.2735388743384367;0.2298126913537399;guasto
50;0.005793115547559934;0.20081899578548815;guasto
50;-0.04592587788884976;-0.0351208219797229;guasto
50;0.43708093041805446;0.22949217610493944;guasto
50;-0.007785869134613098;0.08363212950030924;guasto
50;0.2570522794672892;-0.030648995504973367;guasto
50;-0.04759337139348003;0.01624961467067578;guasto
50;0.017502670719943023;0.1271863793051751;guasto
50;0.06750587902064224;0.014794247743907935;guasto
50;0.29493539071531916;0.28091540882471716;guasto
50;0.15271160419626556;0.07221370766761952;guasto
50;0.08028314045164493;0.16035357653009394;guasto
50;0.07573796830227578;0.33495811246591256;guasto
50;-0.10551509943187078;0.04819919473645427;guasto
50;0.0734259575956193;0.11478094620149913;guasto
50;0.18506645579441583;0.31370366322267257;guasto
50;-0.10608531498388485;0.13290366156557124;guasto
50;0.06030928305230382;0.11524539904375525;guasto
50;-0.08753916577079815;0.27399943837568336;guasto
50;0.04708752348218457;0.07651975768751683;guasto
50;0.29151136415522666;0.2589686032714976;guasto
50;0.08178438260229075;-0.031461713554513514;guasto
50;0.15582805736382538;0.029442722773659086;guasto
50;0.1193260157373125;0.18819946192810932;guasto
50;0.353802481172462;0.07101969120676783;guasto
50;-0.15145752585857658;0.09274633012339095;guasto
50;-0.022710014128297637;0.31099620510436304;guasto
50;-0.050500919140381795;0.18172159908431415;guasto
50;0.06837993112934931;0.17608061513975487;guasto
50;-0.08114225920478328;0.2563449357497881;guasto
50;0.19707814725368022;0.2308713675581332;guasto
50;0.16288582260332127;0.08000457881009612;guasto
50;0.11057377202497537;-0.07263740337949783;guasto
50;0.24517326698893552;0.0021341950591409783;guasto
50;0.2289120283053837;0.05108008869133173;guasto
50;0.1173531723321203;0.030882224116915644;guasto
50;0.21904437796479403;0.2985882817605152;guasto
50;0.2946513590768697;0.3286165608610206;guasto
50;0.3434448665037113;0.2746433333766491;guasto
50;0.05840038618067276;0.12923560912742799;guasto
50;-0.06678119956598391;0.28954728349384756;guasto
50;0.09432196122289997;0.14806105396120503;guasto
50;-0.10266672514711721;-0.06848207449996926;guasto
50;0.0781730450793318;-0.02831044869938131;guasto
50;0.25974023300696897;0.01706835924368813;guasto
50;-0.027642886037303006;0.05605461847923987;guasto
50;-0.1278545533692047;0.21031572662666065;guasto
50;0.07331201341475907;0.4360498344677847;guasto
50;0.06523276194329912;0.2942485845874452;guasto
50;0.04420443512693093;0.21454440795135868;guasto
50;0.2655559093494357;0.17414089026470378;guasto
50;-0.03334564202985602;0.025833439484612062;guasto
50;-0.09148999747285719;0.08981899413637592;guasto
50;0.033939745518038446;-0.11080175032800593;guasto
50;0.04634657360476947;0.1865416875924759;guasto
50;-0.10953514913904609;0.14888679573957297;guasto
50;0.1537516838607506;0.2763102140679557;guasto
50;-0.10028679574645374;0.05501909906404121;guasto
50;0.1449540559374136;0.16763027924871196;guasto
50;0.09884568391411756;0.09749917209579327;guasto
50;0.11237816227535839;0.1281605228603831;guasto
50;-0.25214429781616426;0.1415891168544448;guasto
50;-0.11831458107559978;0.04961699324673724;guasto
50;0.17762231834367626;0.2792336604314087;guasto
50;0.21305007131705883;0.11789130498541651;guasto
50;0.027165419190228735;0.04833471881665487;guasto
50;0.2083503054029813;0.1234573806829136;guasto
50;0.06251371550576817;0.16828892684857663;guasto
50;-0.2557864620328642;-0.09967595068387713;guasto
50;-0.03784873577201031;0.1681885314588933;guasto
50;0.21106373513582893;0.36339527354322676;guasto
50;-0.21685078496137458;0.08628181300960146;guasto
50;0.08017103849338748;0.2128755769602935;guasto
50;0.24082213261427252;0.07467026467983558;guasto
50;0.3166979913081016;0.18575799871822637;guasto
50;-0.058639960208657096;-0.03405806752847655;guasto
50;0.1265825545389475;0.13476643209539688;guasto
50;0.0400394457456367;0.08215103135746371;guasto
50;0.10891333846688374;0.06187410778193314;guasto
50;0.15001566990975793;0.09743862195248575;guasto
50;0.17041674974723728;0.23409070544453434;guasto
50;0.13778589384866394;-0.010241362502197036;guasto
50;-0.14139272855867968;-0.009770277772229356;guasto
50;-0.18132201940179463;0.009996649661387533;guasto
50;0.03341569073698494;0.490157981193861;guasto
50;0.133655926226488;0.2153232321506444;guasto
50;-0.0569980965225368;-0.00708786788427846;guasto
50;0.1026620279319939;0.04726603468565875;guasto
50;0.5603127858210779;0.38133815667685667;guasto
50;0.11199798735640736;0.09579001314815669;guasto
50;-0.06298969952756435;0.16891363139541501;guasto
50;0.24929068252293693;0.29533666657577934;guasto
50;0.18989568581118366;0.10563620686131739;guasto
50;0.057185006790406036;0.06635931226960112;guasto
50;0.4729582862237243;0.1949432049712169;guasto
50;0.21549361473957654;0.03262501619658907;guasto
50;0.32820573588825686;0.06936834558275486;guasto
50;0.014063072206950399;0.214634868073458;guasto
50;-0.10585729600355993;0.06285094637500639;guasto
50;-0.06924798505146555;0.048675825328215926;guasto
50;-0.07433589386305019;0.11799087362785173;guasto
50;0.29131010188790335;0.0765108302417721;guasto
50;0.11462813819953858;-0.0817087076705968;guasto
50;0.09942531804297775;0.14117549502214238;guasto
50;0.35709627823095924;0.15444970938714148;guasto
50;0.2598176628867728;0.30132605422931596;guasto
50;0.04322958251104093;0.022641265256390194;guasto
50;0.13239169875046983;0.09627622077775952;guasto
50;0.040382470957377556;0.14521093359552517;guasto
50;0.4342333982413366;0.1815464779748875;guasto
50;0.16051814820925953;-0.017646513443789924;guasto
50;0.024447133279207164;0.11467501643011371;guasto
50;0.0739437595199125;0.0751585437755959;guasto
50;0.008779960519303173;0.19217401248479052;guasto
50;-0.22406108150099452;0.23860639260510946;guasto
50;-0.15821539903481396;0.06518425072726348;guasto
50;0.292041371146514;0.2075210281372435;guasto
50;0.04979271992728442;0.2565320442917026;guasto
50;0.16996197530279236;0.16655366963233723;guasto
50;0.17294065438614237;-0.02689813991303589;guasto
50;0.04974516555911769;0.16134897424197311;guasto
50;0.020650003378684504;-0.011847711393873502;guasto
50;0.19250097420929504;-0.013169100258033693;guasto
50;0.173059905839975;0.029000224154211305;guasto
50;0.49604625855711637;0.28639512295823216;guasto
50;0.05300190268787711;0.1935793296158087;guasto
50;-0.13760432005895332;0.18346629638534595;guasto
50;0.021087234548826383;0.3914179489868651;guasto
50;-0.08395140858936864;0.24811606339582806;guasto
50;-0.04935725203638085;0.041572918953982504;guasto
50;0.09963579210972741;0.23475392315651686;guasto
50;-0.09684157301462563;0.15278374779614348;guasto
50;0.10282216615325583;-0.13334297401228323;guasto
50;0.10007140230569203;0.2491172794861433;guasto
50;0.4389836803758723;0.20275455822073907;guasto
50;0.06641411983215206;0.01843847927621211;guasto
50;0.22832594120155533;0.1448389339283452;guasto
50;0.31763970866118857;0.10173533872542158;guasto
50;-0.007258364045110739;0.147665921844404;guasto
50;-0.14175517104723032;0.14337213412327915;guasto
50;0.048176330957336824;0.25512481705220186;guasto
50;-0.11325176990273271;0.1753532691686359;guasto
50;-0.22466377471359875;0.11829550243186679;guasto
50;0.028670038638408037;0.10607170157069923;guasto
50;0.44113256871203665;0.4114098159300245;guasto
50;0.16615731327174169;0.07158951964499491;guasto
50;0.21249241481195696;0.22588572635776663;guasto
50;0.4044525958500777;0.49749129417914834;guasto
50;-0.16232732190423438;0.03838248102302088;guasto
50;0.1150648187606513;0.16117018904725278;guasto
50;0.22861794760533347;0.17253660209203725;guasto
50;0.17113579161071582;0.20685900813490374;guasto
50;-0.06743694367354987;0.004690137655303233;guasto
50;0.05479923092479243;0.21883412839563157;guasto
50;0.2368394172072626;0.34117071034033536;guasto
50;0.01180321784867716;0.2481050074454949;guasto
50;0.10166759891443523;0.03566472781694832;guasto
50;-0.00453496596808826;0.29955473888874923;guasto
50;0.3139419881549273;0.26523555333656723;guasto
50;0.21317732416336294;0.18324841772725;guasto
50;-0.003692000287817637;0.2449104886669381;guasto
50;0.3226905828101168;0.21892744290539776;guasto
50;-0.19632353362378555;0.1258455705669992;guasto
50;-0.09475146456974781;0.11676746644598666;guasto
50;0.3211929932787321;0.20909940138313426;guasto
50;0.42945043161834573;0.2524366150131418;guasto
50;-0.12830947383372618;0.07707512562558277;guasto
50;0.023044862453833928;0.029505985114106046;guasto
50;0.2237395737321986;0.1951992073564456;guasto
50;-0.26283536258418194;0.18372034153017772;guasto
50;-0.0243754462574885;0.2922176983736042;guasto
50;0.11343449386069464;0.08057357496663435;guasto
50;-0.019249412826804795;0.3125346199684394;guasto
50;-0.038717895409762136;0.19344254264216307;guasto
50;0.004259279504056469;0.16418738350709558;guasto
50;0.34179845280160515;0.10022678802479629;guasto
50;0.06597159228503344;0.21628445223097922;guasto
50;0.027173627511453947;0.21147150665766135;guasto
50;-0.03862610906668889;0.2297317080418011;guasto
50;0.2742902701182972;0.21565538656351171;guasto
50;-0.3265190645176066;-0.05454886198534514;guasto
50;0.05765855280979542;0.06718905403921528;guasto
50;0.07724783713376873;0.06494086032054565;guasto
50;-0.10324982851752386;0.005603072761892037;guasto
50;0.15479963779373984;0.24116084189734488;guasto
50;0.04688774564250003;0.16732315098553416;guasto
50;-0.112727666450614;0.06687671280391347;guasto
50;0.011998705760870507;0.24854963115446974;guasto
50;0.2966190152923849;0.19244352631378853;guasto
50;0.22188280761292245;0.1338076611660017;guasto
50;0.13065532574276675;-0.019928031892841768;guasto
50;0.30652362122659427;0.2486010284433959;guasto
50;0.2110216128993;0.27026702317703816;guasto
50;-0.09727120567526933;0.3201894630166919;guasto
50;-0.22447838791457167;0.250653734927997;guasto
50;0.01876082359092884;0.02582601427595476;guasto
50;0.1765212512537355;0.1876320816682969;guasto
50;0.25149605553724286;0.26877812981016563;guasto
50;-0.007812239634243978;0.026417747563995675;guasto
50;0.21651294910579635;0.22526258535258217;guasto
50;0.2130537497244149;0.17962949582188223;guasto
50;0.050776795479043804;-0.09429029003581163;guasto
50;0.02538574415050377;-0.017541865993514642;guasto
50;0.08467771647702486;-0.0988799877019454;guasto
50;0.32259441454520466;0.0001966786271698075;guasto
50;0.2549056007672544;0.32345415600420746;guasto
50;-0.13816104414334493;0.20342961774119708;guasto
50;0.28729252288297846;0.49821541289793364;guasto
50;-0.17552029751153106;0.19381150203909434;guasto
50;0.1370096621426734;0.06736652476223547;guasto
50;0.22459817117592706;0.11742007021884412;guasto
50;0.29055622437739775;0.17801537501901507;guasto
50;0.3767067667653247;0.34681133778156326;guasto
50;0.00737782448007165;0.15385724292541508;guasto
50;0.07778569286210514;0.0726498526439215;guasto
50;0.04986742996457196;0.34327625076697477;guasto
50;-0.15937802721269811;0.36055894906230873;guasto
50;0.1705574798393992;0.41292140333529403;guasto
50;0.00912418045372403;0.3490021784037651;guasto
50;0.00912418045372403;0.3490021784037651;guasto
50;0.24929946592405014;0.1604421826150767;guasto
50;0.051854865540145796;0.07186199323353874;guasto
50;-0.20317366112183222;0.07197547558704843;guasto
50;0.2771744518970336;0.20259201622607542;guasto
50;-0.023646521131317162;0.000692945693686465;guasto
50;-0.06872867404524803;0.19440488916061635;guasto
50;0.590574190989668;0.42276450040968144;guasto
50;0.05534237392336618;0.012228911464996906;guasto
50;-0.23063410626491765;0.15385158457795664;guasto
50;0.2150118756370585;-0.0014471496603554253;guasto
50;0.26736540533818187;-0.10271376537845249;guasto
50;0.03797266793497456;0.09924072675024197;guasto
50;-0.09002387288789329;0.4309382037698921;guasto
50;0.38408644762311794;0.32096028122905645;guasto
50;-0.17632622274944915;0.058524904115108044;guasto
50;-0.023873260919488593;0.006129280508145301;guasto
50;0.23521736274380425;0.3466117224405607;guasto
50;-0.04066475508003817;0.17794315081712253;guasto
50;-0.06447095356743233;0.00026389053954439616;guasto
50;0.2458239602421817;0.05439621493721711;guasto
50;0.2872743394010111;-0.06392457888836671;guasto
50;0.09491868074935185;0.1088086440773659;guasto
50;0.19860028505470165;0.12025540414378254;guasto
50;-0.10422962244224551;0.2255579716501345;guasto
50;0.06307079101675268;0.06047932599707121;guasto
50;-0.14356691355014706;0.32727120646797664;guasto
50;0.25740238726973436;0.14798374693301145;guasto
50;-0.1626281089165815;0.0657089339626357;guasto
50;0.011605778198457555;0.23227874623087583;guasto
50;0.13821695531290276;0.42626575433689307;guasto
50;-0.12443481622057945;-0.0415788018087623;guasto
50;0.34754730699595937;0.0892904376214294;guasto
50;0.25494396191354435;0.2527348604484437;guasto
50;0.14273174426817195;-0.06462115903003653;guasto
50;0.3975188935590947;0.08095956672867033;guasto
50;0.2111877857654834;0.20306143204231053;guasto
50;0.16684530897820385;0.22890190695271498;guasto
50;-0.367170546387884;0.03695042792558542;guasto
50;0.04844518099114547;0.21978964258864983;guasto
50;0.3166441470224218;0.19617317077179738;guasto
50;0.13506539189892003;0.0404443588068918;guasto
50;-0.003110336594437373;-0.0397402867691258;guasto
50;0.20065250413652175;0.1306288280519717;guasto
50;-0.2403400587029558;0.16066001951741016;guasto
50;-0.11129656022037958;0.036633866471139996;guasto
50;0.4038303655947708;0.4252974773080641;guasto
50;-0.09195755261686464;-0.05590893312638518;guasto
50;0.10750168822593467;-0.11997204648573563;guasto
50;0.4910071730194268;0.24811760491891324;guasto
50;-0.0874691820770404;0.06927589786782785;guasto
50;0.12574569541404954;0.43548836414060443;guasto
50;0.3626581526274096;0.31717514795946533;guasto
50;-0.04199331790632986;0.13624441290388742;guasto
50;-0.10728133669129267;-0.06362410284739921;guasto
50;-0.01353885757293829;-0.07715809107252902;guasto
50;0.03484277604979469;0.049407738859528656;guasto
50;-0.01986023984668134;0.21900738787295876;guasto
50;0.27884491047349275;0.15556043015214754;guasto
50;0.18974823832088977;0.19539994337502914;guasto
50;0.18974823832088977;0.19539994337502914;guasto
50;0.4392522412164774;-0.012195351221161787;guasto
50;0.16668044437667107;0.007960532382792103;guasto
50;0.04405090943520083;0.14598273739492734;guasto
50;-0.0499442281714504;0.30631265682029807;guasto
50;-0.04238885101159459;0.19038677365380957;guasto
50;-0.09958170814630964;-0.02054843554626005;guasto
50;-0.023674321011048983;0.06894157173294907;guasto
50;0.08605323388235636;0.3146430668417382;guasto
50;-0.07038215775557286;0.2403403525118343;guasto
50;0.0194242067838716;0.1544653938638657;guasto
50;0.006381311077337799;0.035103888846193275;guasto
50;-0.0639435404725393;0.005669021522347962;guasto
50;0.4577291367116952;0.08045699998075062;guasto
50;-0.012987966113630562;-0.034322347280210094;guasto
50;-0.21241324711643725;0.08341819932236065;guasto
50;0.1526548908839092;0.340598263225064;guasto
50;0.03806130331934341;0.20792853217668922;guasto
50;0.22772675680139134;0.3275337079283557;guasto
50;-0.17035866015416837;0.12411542144153001;guasto
50;0.31443842368278135;-0.054678141006362584;guasto
50;0.2548367356305554;0.13861146631631546;guasto
50;0.09566206390597816;0.08156830707467462;guasto
50;0.027144873031567172;0.08276393444810956;guasto
50;-0.06740560052817901;0.2126492517826977;guasto
50;0.00039954827839867434;0.019427491008603495;guasto
50;0.36569081736002057;0.13434565685488578;guasto
50;-0.23043135717332974;0.10105420903766221;guasto
50;0.23139144968321781;0.12100505152059998;guasto
50;0.1311047641821788;0.37101247795662845;guasto
50;-0.31484374160191125;0.030603863347945168;guasto
50;0.40364278397378345;0.17348030387485197;guasto
50;0.3307852784367313;0.224672176148051;guasto
50;0.22937637995618626;0.019991314695109372;guasto
50;0.20190347772863956;0.23209685957981321;guasto
50;0.11058620971833766;0.14689180487483033;guasto
50;0.10516543350241561;0.24383666323240594;guasto
50;0.19082686351067285;0.021264812954436947;guasto
50;-0.009996925537459124;-0.23032603763312698;guasto
50;0.22653653397607706;0.04859753466501805;guasto
50;0.1350852679155919;0.37264523836850694;guasto
50;0.09756860687073973;0.43872722693646254;guasto
50;0.2382137587990396;0.23884696780335726;guasto
50;-0.15846899823440577;0.08665751147284088;guasto
50;0.222643419653157;0.2866168885734929;guasto
50;0.0441566055961094;0.20315450472925803;guasto
50;-0.01682399767326189;0.28587152677584904;guasto
50;0.14469523856661673;0.3107798261312636;guasto
50;-0.03559191877464749;-0.0234977743204116;guasto
50;0.1734563764113759;0.048287667887308955;guasto
50;0.33008431793235976;-0.01462495138579283;guasto
50;-0.01530982098088599;-0.05703599356737719;guasto
50;-0.029218847973997694;0.1275615898577875;guasto
50;0.14600473417017903;0.09630050921048572;guasto
50;-0.03379676828807504;0.24012658821520497;guasto
50;0.10147640910388778;0.1505521205611682;guasto
50;-0.28434547629395535;0.09533985939648484;guasto
50;-0.16675007833681663;0.1717020357657682;guasto
50;-0.04530949205302822;0.3016115159645783;guasto
50;0.374493365064544;0.1442307695716392;guasto
50;0.14421728390089425;0.08270950206749554;guasto
50;0.1910375728114941;0.1747943702198355;guasto
50;0.5920597720175366;0.29770034348833857;guasto
50;0.10438812124372099;0.23591855193093572;guasto
50;0.14883207596702516;0.10424889337345769;guasto
50;0.29000406709259663;0.2647854337775094;guasto
50;-0.22625272069424082;0.21954099084034595;guasto
50;-0.24602697994181802;0.015019568701621739;guasto
50;0.18279406787956343;0.013381923352361536;guasto
50;0.04761635756504491;0.046560181284664576;guasto
50;0.12151000124165415;0.12803243437678472;guasto
50;0.20801375227437793;0.24515999897281768;guasto
50;0.3358959357904186;0.25978927498470894;guasto
50;0.17148960540975428;0.023340195208860683;guasto
50;0.08901753609813721;0.1710603156260015;guasto
50;0.4726117114272213;0.07964312741023628;guasto
50;-0.09506930805232808;0.31717766507819567;guasto
50;0.07138094434379341;0.16515142006064457;guasto
50;0.19599099589792685;0.3230886191419322;guasto
50;-0.1785717098495269;-0.11820879152702297;guasto
50;0.3322408208795467;0.06191236222921985;guasto
50;0.08073370155040752;0.02015861172967073;guasto
50;0.18061916271866527;0.1750702248101764;guasto
50;0.2944448469696602;0.04081632685297211;guasto
50;0.1996355892171355;0.2523827466207851;guasto
50;0.04002220604642304;0.1094775691913796;guasto
50;0.2934082194379165;0.21892237363099498;guasto
50;0.10741240940362277;-0.1485381550243088;guasto
50;0.22840664082725817;-0.008274339997803705;guasto
50;-0.26175093273451544;0.00045641843961004;guasto
50;0.1429673113079292;0.3776557889761842;guasto
50;-0.18867825883526199;0.1861890461816353;guasto
50;0.06173402740020791;0.2723826392166204;guasto
50;0.05911020072441228;0.30026099342497614;guasto
50;-0.002721171441943353;0.03492260086464666;guasto
50;0.08128419874064427;0.2707938469698774;guasto
50;0.4177742753085339;0.2811288060050075;guasto
50;-0.07125625609825446;-0.191490499052198;guasto
50;0.14337594761902345;0.2103813949500752;guasto
50;0.2871557633298019;0.18331632463184414;guasto
50;0.001813389939683274;0.032416346824401476;guasto
50;0.017676239556399336;0.12817710021913828;guasto
50;0.23655450185745344;0.3525346426809079;guasto
50;-0.09692038760790106;0.13597509670215083;guasto
50;0.17812587473975458;0.10825481341521637;guasto
50;0.10285267664084302;0.08836443951224272;guasto
50;-0.1514899715657601;-0.09537323324723435;guasto
50;0.5740611758365912;0.2646474788391607;guasto
50;0.013753373034986516;0.23955992057230685;guasto
50;-0.2637454780519421;0.0019507510918074537;guasto
50;0.07189079513682205;0.3128973840594325;guasto
50;0.19110702601748875;0.23156339391213193;guasto
50;0.04933194250962244;0.09409890023352141;guasto
50;0.08906875908629236;0.11138858872376062;guasto
50;0.23267296162501608;0.4696122907397362;guasto
50;-0.1185240431548108;0.17034907831410206;guasto
50;0.1909448867192708;0.21002607798041903;guasto
50;0.30224569267907375;-0.05085826529393543;guasto
50;-0.14408925107716475;0.07840005996603351;guasto
50;0.3316684504081655;0.4459118459014249;guasto
50;0.21911121768348316;0.35496303516325883;guasto
50;0.13316646647490027;0.11120202999512158;guasto
50;0.07749825529401273;-0.001979644192239288;guasto
50;0.1882332690723699;0.30210347256869474;guasto
50;-0.02345052520325579;0.12942151423280562;guasto
50;-0.03668815250759898;0.23144986396852812;guasto
50;0.26656756521858677;0.45591135150603446;guasto
50;-0.2624180001359958;0.06127606739104269;guasto
50;-0.12493633810070927;0.2562126034239459;guasto
50;0.13496767257943318;0.10047778916790757;guasto
50;0.15548994526415608;0.41098428381572377;guasto
50;0.1847529566381525;0.2246750755468179;guasto
50;0.22712719412515425;0.30818037865315817;guasto
50;-0.18315000084335079;0.2724717566160187;guasto
50;0.18652522051649362;0.09837633817339113;guasto
50;0.04249730304262439;-0.18828301625473862;guasto
50;0.3616629247299295;0.19648832926237772;guasto
50;-0.06399181369755058;0.02326296951836563;guasto
50;0.08296100056689347;-0.011906006866676542;guasto
50;0.04119486750027853;0.26380688409723874;guasto
50;-0.024620911336048098;0.29232816390929156;guasto
50;-0.09548662138968349;0.03218549523699564;guasto
50;-0.11456805949717776;0.14470383146890697;guasto
50;0.16452529037237584;0.14707506975148324;guasto
50;0.1517294321854873;0.04684821933699858;guasto
50;-0.05314702981631171;0.02786966403572695;guasto
50;0.2743026264264572;0.38735835577352185;guasto
50;-0.059641105146768666;0.034331759226014384;guasto
50;0.3436028386924467;0.09985744036702847;guasto
50;0.17384779860551122;0.17641593526545934;guasto
50;-0.05456876162883466;0.15985097311250332;guasto
50;0.14281020665310395;0.14178031808966085;guasto
50;-0.09111697174343389;0.04688966424236138;guasto
50;0.02632741146496445;0.26906636314058807;guasto
50;0.05979101532607528;-0.15118796703640985;guasto
50;-0.1479404835580006;0.0497342124468488;guasto
50;0.12802804171373883;0.38556946317234136;guasto
50;0.005188672129934979;0.09839386697558357;guasto
50;0.07525274101751801;0.24175117410597516;guasto
50;0.1532085244124636;0.2963304754370005;guasto
50;0.2883344026163962;0.3173507531910547;guasto
50;0.029159799149605363;0.06557457445981929;guasto
50;-0.1937107364370018;0.07600500595195545;guasto
50;-0.09589971219361737;0.24181196721785442;guasto
50;-0.181786170305831;0.026634945765814787;guasto
50;0.14517727554628862;0.25251693812155057;guasto
50;0.0024712890663264025;0.09168626552491758;guasto
50;0.12550693399996266;0.07132216104262828;guasto
50;0.46450500200696226;0.22888928030825828;guasto
50;0.1158603367613297;0.27854088282800676;guasto
50;0.1955024847773231;-0.15611640564436863;guasto
50;0.246714167606098;-0.04336445983771424;guasto
50;0.3005167210371623;-0.03382786378400629;guasto
50;0.22147965880436052;0.27768139475387615;guasto
50;0.013237690014610374;0.14462994928076012;guasto
50;-0.14768205941663554;0.11696173792341796;guasto
50;0.08565924602225777;0.4355207081504316;guasto
50;0.03703550857824469;0.2339763415645151;guasto
50;-0.06613686539093856;-0.006788369284766883;guasto
50;0.33988778296173344;0.32926493842478555;guasto
50;0.16980583588906084;0.14521181477062778;guasto
50;0.023629379277294037;0.1987482704563583;guasto
50;0.20265743377921436;0.13801723592411513;guasto
50;0.20265743377921436;0.13801723592411513;guasto
50;0.039204035911673124;0.16393811044043868;guasto
50;0.039204035911673124;0.16393811044043868;guasto
50;-0.12453611410723088;0.09517947396905108;guasto
50;-0.12453611410723088;0.09517947396905108;guasto
50;-0.2628874591901602;0.16784184177006228;guasto
50;0.03120490235138932;0.15043027385427113;guasto
50;-0.17108072535497504;0.007317718991872738;guasto
50;0.318056374274237;0.05135110213817659;guasto
50;-0.019187267542195845;-0.037566770780461806;guasto
50;0.16487806189949597;0.09334581166911823;guasto
50;0.14627439799898986;0.14682789783381814;guasto
50;-0.055111795898626734;0.16400665893669727;guasto
50;-0.05086035769957009;0.2046443042379193;guasto
50;0.01499933916895775;0.0182949449249232;guasto
50;0.15461083951090357;-0.023906987334906645;guasto
50;0.17771778313108053;0.15707557053740115;guasto
50;-0.04912183447951401;0.2113723684232431;guasto
50;0.1710141781340469;0.10650659962088577;guasto
50;-0.13955670671929643;0.029942397058520788;guasto
50;-0.19606095425985845;0.12404108809678416;guasto
50;0.4152087302794013;0.2333681469145879;guasto
50;-0.10842267743042601;0.05667000521185635;guasto
50;0.33826303013473114;0.3498259777248733;guasto
50;0.009265847847233246;0.06932749590325073;guasto
50;0.15314709623108966;0.1939119227058337;guasto
50;0.2559903758562181;0.13372183089988154;guasto
50;0.0454278491799424;-0.010021567305262583;guasto
50;0.010088768356201375;0.070094217813262;guasto
50;0.2011980202803858;0.17913941546375514;guasto
50;0.07603757390447037;0.19222623147324702;guasto
50;-0.18470616214029903;0.09600841047829146;guasto
50;-0.03401977016311065;0.3002232570585827;guasto
50;0.14165281272606656;0.31797411834735134;guasto
50;-0.22054509936332;0.13197958934088758;guasto
50;-0.14311068137690489;0.1760469932823766;guasto
50;0.0018601399757105302;0.12706495430222015;guasto
50;-0.06960164704393419;0.06430764743599796;guasto
50;-0.06133063645712296;0.08064170125155139;guasto
50;0.07284237240692924;0.2574690938576546;guasto
50;0.09872621686225147;0.19682959517547655;guasto
50;0.04357162132370189;0.15877101261613155;guasto
50;0.19249827838461242;0.07261739218600638;guasto
50;0.27268125668116294;0.08619010641851511;guasto
50;0.11768151879309863;0.09359506436335024;guasto
50;0.1679029879910095;0.16665142846287562;guasto
50;-0.020676050661880798;0.0965341583124104;guasto
50;-0.11870728324651772;0.13496255627483125;guasto
50;-0.06001104679452145;0.10681853341145577;guasto
50;-0.018113513906160162;0.1607275055059818;guasto
50;0.07565899347977292;0.15803682979349631;guasto
50;0.017003760968005516;0.17100785983914796;guasto
50;0.005735158668656879;0.24391762371034936;guasto
50;-0.004798254029902148;0.25637728944426313;guasto
50;0.09037632046667544;0.17007012610826844;guasto
50;0.18052034290811342;0.08284641135658916;guasto
50;0.14846292987066106;0.11477167413872816;guasto
50;0.23810591455501903;0.04592550873424295;guasto
50;0.07120879327723119;-0.04907557244964582;guasto
50;0.22625159809194723;0.15417874445466395;guasto
50;0.0350798131929519;0.19926791982905384;guasto
50;-0.0969075358389413;0.22551542844997405;guasto
50;-0.11914584770367327;0.4040135396882645;guasto
50;-0.29566993522853213;0.21105880551896394;guasto
50;-0.21617670839446607;0.1866423159407515;guasto
50;0.26019281362772273;0.23353380808550536;guasto
50;0.19233602306088768;0.07482792156434351;guasto
50;0.25305785426595623;-0.009572228375134766;guasto
50;0.1492801165466319;0.02596600414366918;guasto
50;0.3193909337476263;0.069853606457451;guasto
50;0.0666329924887439;0.03527808368914566;guasto
50;0.07183899192437508;0.12310097675622454;guasto
50;0.00421863286081102;0.23338330289855794;guasto
50;-0.11661167920245068;0.2181978747200966;guasto
50;-0.04795293711069303;0.2051082362937569;guasto
50;-0.043256398407800906;0.20624437801219386;guasto
50;-0.06453525807306257;0.14095704843316129;guasto
50;0.06536010284762424;0.14381760369502633;guasto
50;-0.05066343763195576;0.15988013877800625;guasto
50;0.07789811708691802;0.17081328665018855;guasto
50;-0.00928711926126346;0.08314604449743263;guasto
50;0.09268629515989606;0.12534567027397983;guasto
50;0.15223180650088503;0.13051748869213428;guasto
50;0.10448637541507;0.09687043694481022;guasto
50;0.1445511996188597;0.17213145923397946;guasto
50;0.012886170850606109;0.13629499292961605;guasto
50;-0.006811582116791808;0.14016200171704746;guasto
50;-0.03278365200219718;0.19249085650670225;guasto
50;-0.03370485637272933;0.17149843040542445;guasto
50;0.018167195884879778;0.22689662751638504;guasto
50;0.02715674607080238;0.20735419222152368;guasto
50;0.04742057522221614;0.15565555535607645;guasto
50;0.022191996211199074;0.13352641013304103;guasto
50;0.06967912700707372;0.17964169263144297;guasto
50;0.05801100359979927;0.13026122238869522;guasto
50;-0.027602370944242095;0.14259687337870794;guasto
50;0.09674345846593999;0.15052613561775643;guasto
50;0.05945305805632296;0.14297687068647086;guasto
50;0.13577972604439;0.15227715514138826;guasto
50;0.07264997261127941;0.17186062972455796;guasto
50;0.06585105039935457;0.18178564503903574;guasto
50;0.044900147288862;0.1536030566283437;guasto
50;-0.008009561729556917;0.13844004440071225;guasto
50;0.02761189752246514;0.13526940884029587;guasto
50;0.01434375425117945;0.12235093598217589;guasto
50;-0.01101053703279245;0.12003068649628439;guasto
50;0.04268121424034723;0.16957454179808115;guasto
50;1.9671167970910627e-05;0.18118653531291004;guasto
50;0.0054020444445639386;0.17307958634705986;guasto
50;0.052000680401347456;0.17939711166191133;guasto
50;0.07710843603006852;0.18055707099056192;guasto
50;0.05736960839472234;0.12691654117517182;guasto
50;0.07667863509287655;0.1424204852311766;guasto
50;0.08889721338604915;0.12002081641499851;guasto
50;0.06020111174942205;0.09407095039759064;guasto
50;0.12414850737628405;0.13925183905988495;guasto
